date_id,date,year,month,quarter,day,day_name,month_name,is_weekday
1,2022-01-03,2022,1,1,3,Monday,January,1
2,2022-01-04,2022,1,1,4,Tuesday,January,1
3,2022-01-05,2022,1,1,5,Wednesday,January,1
4,2022-01-06,2022,1,1,6,Thursday,January,1
5,2022-01-07,2022,1,1,7,Friday,January,1
6,2022-01-08,2022,1,1,8,Saturday,January,0
7,2022-01-09,2022,1,1,9,Sunday,January,0
8,2022-01-10,2022,1,1,10,Monday,January,1
9,2022-01-11,2022,1,1,11,Tuesday,January,1
10,2022-01-12,2022,1,1,12,Wednesday,January,1
11,2022-01-13,2022,1,1,13,Thursday,January,1
12,2022-01-14,2022,1,1,14,Friday,January,1
13,2022-01-15,2022,1,1,15,Saturday,January,0
14,2022-01-16,2022,1,1,16,Sunday,January,0
15,2022-01-17,2022,1,1,17,Monday,January,1
16,2022-01-18,2022,1,1,18,Tuesday,January,1
17,2022-01-19,2022,1,1,19,Wednesday,January,1
18,2022-01-20,2022,1,1,20,Thursday,January,1
19,2022-01-21,2022,1,1,21,Friday,January,1
20,2022-01-22,2022,1,1,22,Saturday,January,0
21,2022-01-23,2022,1,1,23,Sunday,January,0
22,2022-01-24,2022,1,1,24,Monday,January,1
23,2022-01-25,2022,1,1,25,Tuesday,January,1
24,2022-01-26,2022,1,1,26,Wednesday,January,1
25,2022-01-27,2022,1,1,27,Thursday,January,1
26,2022-01-28,2022,1,1,28,Friday,January,1
27,2022-01-29,2022,1,1,29,Saturday,January,0
28,2022-01-30,2022,1,1,30,Sunday,January,0
29,2022-01-31,2022,1,1,31,Monday,January,1
30,2022-02-01,2022,2,1,1,Tuesday,February,1
31,2022-02-02,2022,2,1,2,Wednesday,February,1
32,2022-02-03,2022,2,1,3,Thursday,February,1
33,2022-02-04,2022,2,1,4,Friday,February,1
34,2022-02-05,2022,2,1,5,Saturday,February,0
35,2022-02-06,2022,2,1,6,Sunday,February,0
36,2022-02-07,2022,2,1,7,Monday,February,1
37,2022-02-08,2022,2,1,8,Tuesday,February,1
38,2022-02-09,2022,2,1,9,Wednesday,February,1
39,2022-02-10,2022,2,1,10,Thursday,February,1
40,2022-02-11,2022,2,1,11,Friday,February,1
41,2022-02-12,2022,2,1,12,Saturday,February,0
42,2022-02-13,2022,2,1,13,Sunday,February,0
43,2022-02-14,2022,2,1,14,Monday,February,1
44,2022-02-15,2022,2,1,15,Tuesday,February,1
45,2022-02-16,2022,2,1,16,Wednesday,February,1
46,2022-02-17,2022,2,1,17,Thursday,February,1
47,2022-02-18,2022,2,1,18,Friday,February,1
48,2022-02-19,2022,2,1,19,Saturday,February,0
49,2022-02-20,2022,2,1,20,Sunday,February,0
50,2022-02-21,2022,2,1,21,Monday,February,1
51,2022-02-22,2022,2,1,22,Tuesday,February,1
52,2022-02-23,2022,2,1,23,Wednesday,February,1
53,2022-02-24,2022,2,1,24,Thursday,February,1
54,2022-02-25,2022,2,1,25,Friday,February,1
55,2022-02-26,2022,2,1,26,Saturday,February,0
56,2022-02-27,2022,2,1,27,Sunday,February,0
57,2022-02-28,2022,2,1,28,Monday,February,1
58,2022-03-01,2022,3,1,1,Tuesday,March,1
59,2022-03-02,2022,3,1,2,Wednesday,March,1
60,2022-03-03,2022,3,1,3,Thursday,March,1
61,2022-03-04,2022,3,1,4,Friday,March,1
62,2022-03-05,2022,3,1,5,Saturday,March,0
63,2022-03-06,2022,3,1,6,Sunday,March,0
64,2022-03-07,2022,3,1,7,Monday,March,1
65,2022-03-08,2022,3,1,8,Tuesday,March,1
66,2022-03-09,2022,3,1,9,Wednesday,March,1
67,2022-03-10,2022,3,1,10,Thursday,March,1
68,2022-03-11,2022,3,1,11,Friday,March,1
69,2022-03-12,2022,3,1,12,Saturday,March,0
70,2022-03-13,2022,3,1,13,Sunday,March,0
71,2022-03-14,2022,3,1,14,Monday,March,1
72,2022-03-15,2022,3,1,15,Tuesday,March,1
73,2022-03-16,2022,3,1,16,Wednesday,March,1
74,2022-03-17,2022,3,1,17,Thursday,March,1
75,2022-03-18,2022,3,1,18,Friday,March,1
76,2022-03-19,2022,3,1,19,Saturday,March,0
77,2022-03-20,2022,3,1,20,Sunday,March,0
78,2022-03-21,2022,3,1,21,Monday,March,1
79,2022-03-22,2022,3,1,22,Tuesday,March,1
80,2022-03-23,2022,3,1,23,Wednesday,March,1
81,2022-03-24,2022,3,1,24,Thursday,March,1
82,2022-03-25,2022,3,1,25,Friday,March,1
83,2022-03-26,2022,3,1,26,Saturday,March,0
84,2022-03-27,2022,3,1,27,Sunday,March,0
85,2022-03-28,2022,3,1,28,Monday,March,1
86,2022-03-29,2022,3,1,29,Tuesday,March,1
87,2022-03-30,2022,3,1,30,Wednesday,March,1
88,2022-03-31,2022,3,1,31,Thursday,March,1
89,2022-04-01,2022,4,2,1,Friday,April,1
90,2022-04-02,2022,4,2,2,Saturday,April,0
91,2022-04-03,2022,4,2,3,Sunday,April,0
92,2022-04-04,2022,4,2,4,Monday,April,1
93,2022-04-05,2022,4,2,5,Tuesday,April,1
94,2022-04-06,2022,4,2,6,Wednesday,April,1
95,2022-04-07,2022,4,2,7,Thursday,April,1
96,2022-04-08,2022,4,2,8,Friday,April,1
97,2022-04-09,2022,4,2,9,Saturday,April,0
98,2022-04-10,2022,4,2,10,Sunday,April,0
99,2022-04-11,2022,4,2,11,Monday,April,1
100,2022-04-12,2022,4,2,12,Tuesday,April,1
101,2022-04-13,2022,4,2,13,Wednesday,April,1
102,2022-04-14,2022,4,2,14,Thursday,April,1
103,2022-04-15,2022,4,2,15,Friday,April,1
104,2022-04-16,2022,4,2,16,Saturday,April,0
105,2022-04-17,2022,4,2,17,Sunday,April,0
106,2022-04-18,2022,4,2,18,Monday,April,1
107,2022-04-19,2022,4,2,19,Tuesday,April,1
108,2022-04-20,2022,4,2,20,Wednesday,April,1
109,2022-04-21,2022,4,2,21,Thursday,April,1
110,2022-04-22,2022,4,2,22,Friday,April,1
111,2022-04-23,2022,4,2,23,Saturday,April,0
112,2022-04-24,2022,4,2,24,Sunday,April,0
113,2022-04-25,2022,4,2,25,Monday,April,1
114,2022-04-26,2022,4,2,26,Tuesday,April,1
115,2022-04-27,2022,4,2,27,Wednesday,April,1
116,2022-04-28,2022,4,2,28,Thursday,April,1
117,2022-04-29,2022,4,2,29,Friday,April,1
118,2022-04-30,2022,4,2,30,Saturday,April,0
119,2022-05-01,2022,5,2,1,Sunday,May,0
120,2022-05-02,2022,5,2,2,Monday,May,1
121,2022-05-03,2022,5,2,3,Tuesday,May,1
122,2022-05-04,2022,5,2,4,Wednesday,May,1
123,2022-05-05,2022,5,2,5,Thursday,May,1
124,2022-05-06,2022,5,2,6,Friday,May,1
125,2022-05-07,2022,5,2,7,Saturday,May,0
126,2022-05-08,2022,5,2,8,Sunday,May,0
127,2022-05-09,2022,5,2,9,Monday,May,1
128,2022-05-10,2022,5,2,10,Tuesday,May,1
129,2022-05-11,2022,5,2,11,Wednesday,May,1
130,2022-05-12,2022,5,2,12,Thursday,May,1
131,2022-05-13,2022,5,2,13,Friday,May,1
132,2022-05-14,2022,5,2,14,Saturday,May,0
133,2022-05-15,2022,5,2,15,Sunday,May,0
134,2022-05-16,2022,5,2,16,Monday,May,1
135,2022-05-17,2022,5,2,17,Tuesday,May,1
136,2022-05-18,2022,5,2,18,Wednesday,May,1
137,2022-05-19,2022,5,2,19,Thursday,May,1
138,2022-05-20,2022,5,2,20,Friday,May,1
139,2022-05-21,2022,5,2,21,Saturday,May,0
140,2022-05-22,2022,5,2,22,Sunday,May,0
141,2022-05-23,2022,5,2,23,Monday,May,1
142,2022-05-24,2022,5,2,24,Tuesday,May,1
143,2022-05-25,2022,5,2,25,Wednesday,May,1
144,2022-05-26,2022,5,2,26,Thursday,May,1
145,2022-05-27,2022,5,2,27,Friday,May,1
146,2022-05-28,2022,5,2,28,Saturday,May,0
147,2022-05-29,2022,5,2,29,Sunday,May,0
148,2022-05-30,2022,5,2,30,Monday,May,1
149,2022-05-31,2022,5,2,31,Tuesday,May,1
150,2022-06-01,2022,6,2,1,Wednesday,June,1
151,2022-06-02,2022,6,2,2,Thursday,June,1
152,2022-06-03,2022,6,2,3,Friday,June,1
153,2022-06-04,2022,6,2,4,Saturday,June,0
154,2022-06-05,2022,6,2,5,Sunday,June,0
155,2022-06-06,2022,6,2,6,Monday,June,1
156,2022-06-07,2022,6,2,7,Tuesday,June,1
157,2022-06-08,2022,6,2,8,Wednesday,June,1
158,2022-06-09,2022,6,2,9,Thursday,June,1
159,2022-06-10,2022,6,2,10,Friday,June,1
160,2022-06-11,2022,6,2,11,Saturday,June,0
161,2022-06-12,2022,6,2,12,Sunday,June,0
162,2022-06-13,2022,6,2,13,Monday,June,1
163,2022-06-14,2022,6,2,14,Tuesday,June,1
164,2022-06-15,2022,6,2,15,Wednesday,June,1
165,2022-06-16,2022,6,2,16,Thursday,June,1
166,2022-06-17,2022,6,2,17,Friday,June,1
167,2022-06-18,2022,6,2,18,Saturday,June,0
168,2022-06-19,2022,6,2,19,Sunday,June,0
169,2022-06-20,2022,6,2,20,Monday,June,1
170,2022-06-21,2022,6,2,21,Tuesday,June,1
171,2022-06-22,2022,6,2,22,Wednesday,June,1
172,2022-06-23,2022,6,2,23,Thursday,June,1
173,2022-06-24,2022,6,2,24,Friday,June,1
174,2022-06-25,2022,6,2,25,Saturday,June,0
175,2022-06-26,2022,6,2,26,Sunday,June,0
176,2022-06-27,2022,6,2,27,Monday,June,1
177,2022-06-28,2022,6,2,28,Tuesday,June,1
178,2022-06-29,2022,6,2,29,Wednesday,June,1
179,2022-06-30,2022,6,2,30,Thursday,June,1
180,2022-07-01,2022,7,3,1,Friday,July,1
181,2022-07-02,2022,7,3,2,Saturday,July,0
182,2022-07-03,2022,7,3,3,Sunday,July,0
183,2022-07-04,2022,7,3,4,Monday,July,1
184,2022-07-05,2022,7,3,5,Tuesday,July,1
185,2022-07-06,2022,7,3,6,Wednesday,July,1
186,2022-07-07,2022,7,3,7,Thursday,July,1
187,2022-07-08,2022,7,3,8,Friday,July,1
188,2022-07-09,2022,7,3,9,Saturday,July,0
189,2022-07-10,2022,7,3,10,Sunday,July,0
190,2022-07-11,2022,7,3,11,Monday,July,1
191,2022-07-12,2022,7,3,12,Tuesday,July,1
192,2022-07-13,2022,7,3,13,Wednesday,July,1
193,2022-07-14,2022,7,3,14,Thursday,July,1
194,2022-07-15,2022,7,3,15,Friday,July,1
195,2022-07-16,2022,7,3,16,Saturday,July,0
196,2022-07-17,2022,7,3,17,Sunday,July,0
197,2022-07-18,2022,7,3,18,Monday,July,1
198,2022-07-19,2022,7,3,19,Tuesday,July,1
199,2022-07-20,2022,7,3,20,Wednesday,July,1
200,2022-07-21,2022,7,3,21,Thursday,July,1
201,2022-07-22,2022,7,3,22,Friday,July,1
202,2022-07-23,2022,7,3,23,Saturday,July,0
203,2022-07-24,2022,7,3,24,Sunday,July,0
204,2022-07-25,2022,7,3,25,Monday,July,1
205,2022-07-26,2022,7,3,26,Tuesday,July,1
206,2022-07-27,2022,7,3,27,Wednesday,July,1
207,2022-07-28,2022,7,3,28,Thursday,July,1
208,2022-07-29,2022,7,3,29,Friday,July,1
209,2022-07-30,2022,7,3,30,Saturday,July,0
210,2022-07-31,2022,7,3,31,Sunday,July,0
211,2022-08-01,2022,8,3,1,Monday,August,1
212,2022-08-02,2022,8,3,2,Tuesday,August,1
213,2022-08-03,2022,8,3,3,Wednesday,August,1
214,2022-08-04,2022,8,3,4,Thursday,August,1
215,2022-08-05,2022,8,3,5,Friday,August,1
216,2022-08-06,2022,8,3,6,Saturday,August,0
217,2022-08-07,2022,8,3,7,Sunday,August,0
218,2022-08-08,2022,8,3,8,Monday,August,1
219,2022-08-09,2022,8,3,9,Tuesday,August,1
220,2022-08-10,2022,8,3,10,Wednesday,August,1
221,2022-08-11,2022,8,3,11,Thursday,August,1
222,2022-08-12,2022,8,3,12,Friday,August,1
223,2022-08-13,2022,8,3,13,Saturday,August,0
224,2022-08-14,2022,8,3,14,Sunday,August,0
225,2022-08-15,2022,8,3,15,Monday,August,1
226,2022-08-16,2022,8,3,16,Tuesday,August,1
227,2022-08-17,2022,8,3,17,Wednesday,August,1
228,2022-08-18,2022,8,3,18,Thursday,August,1
229,2022-08-19,2022,8,3,19,Friday,August,1
230,2022-08-20,2022,8,3,20,Saturday,August,0
231,2022-08-21,2022,8,3,21,Sunday,August,0
232,2022-08-22,2022,8,3,22,Monday,August,1
233,2022-08-23,2022,8,3,23,Tuesday,August,1
234,2022-08-24,2022,8,3,24,Wednesday,August,1
235,2022-08-25,2022,8,3,25,Thursday,August,1
236,2022-08-26,2022,8,3,26,Friday,August,1
237,2022-08-27,2022,8,3,27,Saturday,August,0
238,2022-08-28,2022,8,3,28,Sunday,August,0
239,2022-08-29,2022,8,3,29,Monday,August,1
240,2022-08-30,2022,8,3,30,Tuesday,August,1
241,2022-08-31,2022,8,3,31,Wednesday,August,1
242,2022-09-01,2022,9,3,1,Thursday,September,1
243,2022-09-02,2022,9,3,2,Friday,September,1
244,2022-09-03,2022,9,3,3,Saturday,September,0
245,2022-09-04,2022,9,3,4,Sunday,September,0
246,2022-09-05,2022,9,3,5,Monday,September,1
247,2022-09-06,2022,9,3,6,Tuesday,September,1
248,2022-09-07,2022,9,3,7,Wednesday,September,1
249,2022-09-08,2022,9,3,8,Thursday,September,1
250,2022-09-09,2022,9,3,9,Friday,September,1
251,2022-09-10,2022,9,3,10,Saturday,September,0
252,2022-09-11,2022,9,3,11,Sunday,September,0
253,2022-09-12,2022,9,3,12,Monday,September,1
254,2022-09-13,2022,9,3,13,Tuesday,September,1
255,2022-09-14,2022,9,3,14,Wednesday,September,1
256,2022-09-15,2022,9,3,15,Thursday,September,1
257,2022-09-16,2022,9,3,16,Friday,September,1
258,2022-09-17,2022,9,3,17,Saturday,September,0
259,2022-09-18,2022,9,3,18,Sunday,September,0
260,2022-09-19,2022,9,3,19,Monday,September,1
261,2022-09-20,2022,9,3,20,Tuesday,September,1
262,2022-09-21,2022,9,3,21,Wednesday,September,1
263,2022-09-22,2022,9,3,22,Thursday,September,1
264,2022-09-23,2022,9,3,23,Friday,September,1
265,2022-09-24,2022,9,3,24,Saturday,September,0
266,2022-09-25,2022,9,3,25,Sunday,September,0
267,2022-09-26,2022,9,3,26,Monday,September,1
268,2022-09-27,2022,9,3,27,Tuesday,September,1
269,2022-09-28,2022,9,3,28,Wednesday,September,1
270,2022-09-29,2022,9,3,29,Thursday,September,1
271,2022-09-30,2022,9,3,30,Friday,September,1
272,2022-10-01,2022,10,4,1,Saturday,October,0
273,2022-10-02,2022,10,4,2,Sunday,October,0
274,2022-10-03,2022,10,4,3,Monday,October,1
275,2022-10-04,2022,10,4,4,Tuesday,October,1
276,2022-10-05,2022,10,4,5,Wednesday,October,1
277,2022-10-06,2022,10,4,6,Thursday,October,1
278,2022-10-07,2022,10,4,7,Friday,October,1
279,2022-10-08,2022,10,4,8,Saturday,October,0
280,2022-10-09,2022,10,4,9,Sunday,October,0
281,2022-10-10,2022,10,4,10,Monday,October,1
282,2022-10-11,2022,10,4,11,Tuesday,October,1
283,2022-10-12,2022,10,4,12,Wednesday,October,1
284,2022-10-13,2022,10,4,13,Thursday,October,1
285,2022-10-14,2022,10,4,14,Friday,October,1
286,2022-10-15,2022,10,4,15,Saturday,October,0
287,2022-10-16,2022,10,4,16,Sunday,October,0
288,2022-10-17,2022,10,4,17,Monday,October,1
289,2022-10-18,2022,10,4,18,Tuesday,October,1
290,2022-10-19,2022,10,4,19,Wednesday,October,1
291,2022-10-20,2022,10,4,20,Thursday,October,1
292,2022-10-21,2022,10,4,21,Friday,October,1
293,2022-10-22,2022,10,4,22,Saturday,October,0
294,2022-10-23,2022,10,4,23,Sunday,October,0
295,2022-10-24,2022,10,4,24,Monday,October,1
296,2022-10-25,2022,10,4,25,Tuesday,October,1
297,2022-10-26,2022,10,4,26,Wednesday,October,1
298,2022-10-27,2022,10,4,27,Thursday,October,1
299,2022-10-28,2022,10,4,28,Friday,October,1
300,2022-10-29,2022,10,4,29,Saturday,October,0
301,2022-10-30,2022,10,4,30,Sunday,October,0
302,2022-10-31,2022,10,4,31,Monday,October,1
303,2022-11-01,2022,11,4,1,Tuesday,November,1
304,2022-11-02,2022,11,4,2,Wednesday,November,1
305,2022-11-03,2022,11,4,3,Thursday,November,1
306,2022-11-04,2022,11,4,4,Friday,November,1
307,2022-11-05,2022,11,4,5,Saturday,November,0
308,2022-11-06,2022,11,4,6,Sunday,November,0
309,2022-11-07,2022,11,4,7,Monday,November,1
310,2022-11-08,2022,11,4,8,Tuesday,November,1
311,2022-11-09,2022,11,4,9,Wednesday,November,1
312,2022-11-10,2022,11,4,10,Thursday,November,1
313,2022-11-11,2022,11,4,11,Friday,November,1
314,2022-11-12,2022,11,4,12,Saturday,November,0
315,2022-11-13,2022,11,4,13,Sunday,November,0
316,2022-11-14,2022,11,4,14,Monday,November,1
317,2022-11-15,2022,11,4,15,Tuesday,November,1
318,2022-11-16,2022,11,4,16,Wednesday,November,1
319,2022-11-17,2022,11,4,17,Thursday,November,1
320,2022-11-18,2022,11,4,18,Friday,November,1
321,2022-11-19,2022,11,4,19,Saturday,November,0
322,2022-11-20,2022,11,4,20,Sunday,November,0
323,2022-11-21,2022,11,4,21,Monday,November,1
324,2022-11-22,2022,11,4,22,Tuesday,November,1
325,2022-11-23,2022,11,4,23,Wednesday,November,1
326,2022-11-24,2022,11,4,24,Thursday,November,1
327,2022-11-25,2022,11,4,25,Friday,November,1
328,2022-11-26,2022,11,4,26,Saturday,November,0
329,2022-11-27,2022,11,4,27,Sunday,November,0
330,2022-11-28,2022,11,4,28,Monday,November,1
331,2022-11-29,2022,11,4,29,Tuesday,November,1
332,2022-11-30,2022,11,4,30,Wednesday,November,1
333,2022-12-01,2022,12,4,1,Thursday,December,1
334,2022-12-02,2022,12,4,2,Friday,December,1
335,2022-12-03,2022,12,4,3,Saturday,December,0
336,2022-12-04,2022,12,4,4,Sunday,December,0
337,2022-12-05,2022,12,4,5,Monday,December,1
338,2022-12-06,2022,12,4,6,Tuesday,December,1
339,2022-12-07,2022,12,4,7,Wednesday,December,1
340,2022-12-08,2022,12,4,8,Thursday,December,1
341,2022-12-09,2022,12,4,9,Friday,December,1
342,2022-12-10,2022,12,4,10,Saturday,December,0
343,2022-12-11,2022,12,4,11,Sunday,December,0
344,2022-12-12,2022,12,4,12,Monday,December,1
345,2022-12-13,2022,12,4,13,Tuesday,December,1
346,2022-12-14,2022,12,4,14,Wednesday,December,1
347,2022-12-15,2022,12,4,15,Thursday,December,1
348,2022-12-16,2022,12,4,16,Friday,December,1
349,2022-12-17,2022,12,4,17,Saturday,December,0
350,2022-12-18,2022,12,4,18,Sunday,December,0
351,2022-12-19,2022,12,4,19,Monday,December,1
352,2022-12-20,2022,12,4,20,Tuesday,December,1
353,2022-12-21,2022,12,4,21,Wednesday,December,1
354,2022-12-22,2022,12,4,22,Thursday,December,1
355,2022-12-23,2022,12,4,23,Friday,December,1
356,2022-12-24,2022,12,4,24,Saturday,December,0
357,2022-12-25,2022,12,4,25,Sunday,December,0
358,2022-12-26,2022,12,4,26,Monday,December,1
359,2022-12-27,2022,12,4,27,Tuesday,December,1
360,2022-12-28,2022,12,4,28,Wednesday,December,1
361,2022-12-29,2022,12,4,29,Thursday,December,1
362,2022-12-30,2022,12,4,30,Friday,December,1
363,2022-12-31,2022,12,4,31,Saturday,December,0
364,2023-01-01,2023,1,1,1,Sunday,January,0
365,2023-01-02,2023,1,1,2,Monday,January,1
366,2023-01-03,2023,1,1,3,Tuesday,January,1
367,2023-01-04,2023,1,1,4,Wednesday,January,1
368,2023-01-05,2023,1,1,5,Thursday,January,1
369,2023-01-06,2023,1,1,6,Friday,January,1
370,2023-01-07,2023,1,1,7,Saturday,January,0
371,2023-01-08,2023,1,1,8,Sunday,January,0
372,2023-01-09,2023,1,1,9,Monday,January,1
373,2023-01-10,2023,1,1,10,Tuesday,January,1
374,2023-01-11,2023,1,1,11,Wednesday,January,1
375,2023-01-12,2023,1,1,12,Thursday,January,1
376,2023-01-13,2023,1,1,13,Friday,January,1
377,2023-01-14,2023,1,1,14,Saturday,January,0
378,2023-01-15,2023,1,1,15,Sunday,January,0
379,2023-01-16,2023,1,1,16,Monday,January,1
380,2023-01-17,2023,1,1,17,Tuesday,January,1
381,2023-01-18,2023,1,1,18,Wednesday,January,1
382,2023-01-19,2023,1,1,19,Thursday,January,1
383,2023-01-20,2023,1,1,20,Friday,January,1
384,2023-01-21,2023,1,1,21,Saturday,January,0
385,2023-01-22,2023,1,1,22,Sunday,January,0
386,2023-01-23,2023,1,1,23,Monday,January,1
387,2023-01-24,2023,1,1,24,Tuesday,January,1
388,2023-01-25,2023,1,1,25,Wednesday,January,1
389,2023-01-26,2023,1,1,26,Thursday,January,1
390,2023-01-27,2023,1,1,27,Friday,January,1
391,2023-01-28,2023,1,1,28,Saturday,January,0
392,2023-01-29,2023,1,1,29,Sunday,January,0
393,2023-01-30,2023,1,1,30,Monday,January,1
394,2023-01-31,2023,1,1,31,Tuesday,January,1
395,2023-02-01,2023,2,1,1,Wednesday,February,1
396,2023-02-02,2023,2,1,2,Thursday,February,1
397,2023-02-03,2023,2,1,3,Friday,February,1
398,2023-02-04,2023,2,1,4,Saturday,February,0
399,2023-02-05,2023,2,1,5,Sunday,February,0
400,2023-02-06,2023,2,1,6,Monday,February,1
401,2023-02-07,2023,2,1,7,Tuesday,February,1
402,2023-02-08,2023,2,1,8,Wednesday,February,1
403,2023-02-09,2023,2,1,9,Thursday,February,1
404,2023-02-10,2023,2,1,10,Friday,February,1
405,2023-02-11,2023,2,1,11,Saturday,February,0
406,2023-02-12,2023,2,1,12,Sunday,February,0
407,2023-02-13,2023,2,1,13,Monday,February,1
408,2023-02-14,2023,2,1,14,Tuesday,February,1
409,2023-02-15,2023,2,1,15,Wednesday,February,1
410,2023-02-16,2023,2,1,16,Thursday,February,1
411,2023-02-17,2023,2,1,17,Friday,February,1
412,2023-02-18,2023,2,1,18,Saturday,February,0
413,2023-02-19,2023,2,1,19,Sunday,February,0
414,2023-02-20,2023,2,1,20,Monday,February,1
415,2023-02-21,2023,2,1,21,Tuesday,February,1
416,2023-02-22,2023,2,1,22,Wednesday,February,1
417,2023-02-23,2023,2,1,23,Thursday,February,1
418,2023-02-24,2023,2,1,24,Friday,February,1
419,2023-02-25,2023,2,1,25,Saturday,February,0
420,2023-02-26,2023,2,1,26,Sunday,February,0
421,2023-02-27,2023,2,1,27,Monday,February,1
422,2023-02-28,2023,2,1,28,Tuesday,February,1
423,2023-03-01,2023,3,1,1,Wednesday,March,1
424,2023-03-02,2023,3,1,2,Thursday,March,1
425,2023-03-03,2023,3,1,3,Friday,March,1
426,2023-03-04,2023,3,1,4,Saturday,March,0
427,2023-03-05,2023,3,1,5,Sunday,March,0
428,2023-03-06,2023,3,1,6,Monday,March,1
429,2023-03-07,2023,3,1,7,Tuesday,March,1
430,2023-03-08,2023,3,1,8,Wednesday,March,1
431,2023-03-09,2023,3,1,9,Thursday,March,1
432,2023-03-10,2023,3,1,10,Friday,March,1
433,2023-03-11,2023,3,1,11,Saturday,March,0
434,2023-03-12,2023,3,1,12,Sunday,March,0
435,2023-03-13,2023,3,1,13,Monday,March,1
436,2023-03-14,2023,3,1,14,Tuesday,March,1
437,2023-03-15,2023,3,1,15,Wednesday,March,1
438,2023-03-16,2023,3,1,16,Thursday,March,1
439,2023-03-17,2023,3,1,17,Friday,March,1
440,2023-03-18,2023,3,1,18,Saturday,March,0
441,2023-03-19,2023,3,1,19,Sunday,March,0
442,2023-03-20,2023,3,1,20,Monday,March,1
443,2023-03-21,2023,3,1,21,Tuesday,March,1
444,2023-03-22,2023,3,1,22,Wednesday,March,1
445,2023-03-23,2023,3,1,23,Thursday,March,1
446,2023-03-24,2023,3,1,24,Friday,March,1
447,2023-03-25,2023,3,1,25,Saturday,March,0
448,2023-03-26,2023,3,1,26,Sunday,March,0
449,2023-03-27,2023,3,1,27,Monday,March,1
450,2023-03-28,2023,3,1,28,Tuesday,March,1
451,2023-03-29,2023,3,1,29,Wednesday,March,1
452,2023-03-30,2023,3,1,30,Thursday,March,1
453,2023-03-31,2023,3,1,31,Friday,March,1
454,2023-04-01,2023,4,2,1,Saturday,April,0
455,2023-04-02,2023,4,2,2,Sunday,April,0
456,2023-04-03,2023,4,2,3,Monday,April,1
457,2023-04-04,2023,4,2,4,Tuesday,April,1
458,2023-04-05,2023,4,2,5,Wednesday,April,1
459,2023-04-06,2023,4,2,6,Thursday,April,1
460,2023-04-07,2023,4,2,7,Friday,April,1
461,2023-04-08,2023,4,2,8,Saturday,April,0
462,2023-04-09,2023,4,2,9,Sunday,April,0
463,2023-04-10,2023,4,2,10,Monday,April,1
464,2023-04-11,2023,4,2,11,Tuesday,April,1
465,2023-04-12,2023,4,2,12,Wednesday,April,1
466,2023-04-13,2023,4,2,13,Thursday,April,1
467,2023-04-14,2023,4,2,14,Friday,April,1
468,2023-04-15,2023,4,2,15,Saturday,April,0
469,2023-04-16,2023,4,2,16,Sunday,April,0
470,2023-04-17,2023,4,2,17,Monday,April,1
471,2023-04-18,2023,4,2,18,Tuesday,April,1
472,2023-04-19,2023,4,2,19,Wednesday,April,1
473,2023-04-20,2023,4,2,20,Thursday,April,1
474,2023-04-21,2023,4,2,21,Friday,April,1
475,2023-04-22,2023,4,2,22,Saturday,April,0
476,2023-04-23,2023,4,2,23,Sunday,April,0
477,2023-04-24,2023,4,2,24,Monday,April,1
478,2023-04-25,2023,4,2,25,Tuesday,April,1
479,2023-04-26,2023,4,2,26,Wednesday,April,1
480,2023-04-27,2023,4,2,27,Thursday,April,1
481,2023-04-28,2023,4,2,28,Friday,April,1
482,2023-04-29,2023,4,2,29,Saturday,April,0
483,2023-04-30,2023,4,2,30,Sunday,April,0
484,2023-05-01,2023,5,2,1,Monday,May,1
485,2023-05-02,2023,5,2,2,Tuesday,May,1
486,2023-05-03,2023,5,2,3,Wednesday,May,1
487,2023-05-04,2023,5,2,4,Thursday,May,1
488,2023-05-05,2023,5,2,5,Friday,May,1
489,2023-05-06,2023,5,2,6,Saturday,May,0
490,2023-05-07,2023,5,2,7,Sunday,May,0
491,2023-05-08,2023,5,2,8,Monday,May,1
492,2023-05-09,2023,5,2,9,Tuesday,May,1
493,2023-05-10,2023,5,2,10,Wednesday,May,1
494,2023-05-11,2023,5,2,11,Thursday,May,1
495,2023-05-12,2023,5,2,12,Friday,May,1
496,2023-05-13,2023,5,2,13,Saturday,May,0
497,2023-05-14,2023,5,2,14,Sunday,May,0
498,2023-05-15,2023,5,2,15,Monday,May,1
499,2023-05-16,2023,5,2,16,Tuesday,May,1
500,2023-05-17,2023,5,2,17,Wednesday,May,1
501,2023-05-18,2023,5,2,18,Thursday,May,1
502,2023-05-19,2023,5,2,19,Friday,May,1
503,2023-05-20,2023,5,2,20,Saturday,May,0
504,2023-05-21,2023,5,2,21,Sunday,May,0
505,2023-05-22,2023,5,2,22,Monday,May,1
506,2023-05-23,2023,5,2,23,Tuesday,May,1
507,2023-05-24,2023,5,2,24,Wednesday,May,1
508,2023-05-25,2023,5,2,25,Thursday,May,1
509,2023-05-26,2023,5,2,26,Friday,May,1
510,2023-05-27,2023,5,2,27,Saturday,May,0
511,2023-05-28,2023,5,2,28,Sunday,May,0
512,2023-05-29,2023,5,2,29,Monday,May,1
513,2023-05-30,2023,5,2,30,Tuesday,May,1
514,2023-05-31,2023,5,2,31,Wednesday,May,1
515,2023-06-01,2023,6,2,1,Thursday,June,1
516,2023-06-02,2023,6,2,2,Friday,June,1
517,2023-06-03,2023,6,2,3,Saturday,June,0
518,2023-06-04,2023,6,2,4,Sunday,June,0
519,2023-06-05,2023,6,2,5,Monday,June,1
520,2023-06-06,2023,6,2,6,Tuesday,June,1
521,2023-06-07,2023,6,2,7,Wednesday,June,1
522,2023-06-08,2023,6,2,8,Thursday,June,1
523,2023-06-09,2023,6,2,9,Friday,June,1
524,2023-06-10,2023,6,2,10,Saturday,June,0
525,2023-06-11,2023,6,2,11,Sunday,June,0
526,2023-06-12,2023,6,2,12,Monday,June,1
527,2023-06-13,2023,6,2,13,Tuesday,June,1
528,2023-06-14,2023,6,2,14,Wednesday,June,1
529,2023-06-15,2023,6,2,15,Thursday,June,1
530,2023-06-16,2023,6,2,16,Friday,June,1
531,2023-06-17,2023,6,2,17,Saturday,June,0
532,2023-06-18,2023,6,2,18,Sunday,June,0
533,2023-06-19,2023,6,2,19,Monday,June,1
534,2023-06-20,2023,6,2,20,Tuesday,June,1
535,2023-06-21,2023,6,2,21,Wednesday,June,1
536,2023-06-22,2023,6,2,22,Thursday,June,1
537,2023-06-23,2023,6,2,23,Friday,June,1
538,2023-06-24,2023,6,2,24,Saturday,June,0
539,2023-06-25,2023,6,2,25,Sunday,June,0
540,2023-06-26,2023,6,2,26,Monday,June,1
541,2023-06-27,2023,6,2,27,Tuesday,June,1
542,2023-06-28,2023,6,2,28,Wednesday,June,1
543,2023-06-29,2023,6,2,29,Thursday,June,1
544,2023-06-30,2023,6,2,30,Friday,June,1
545,2023-07-01,2023,7,3,1,Saturday,July,0
546,2023-07-02,2023,7,3,2,Sunday,July,0
547,2023-07-03,2023,7,3,3,Monday,July,1
548,2023-07-04,2023,7,3,4,Tuesday,July,1
549,2023-07-05,2023,7,3,5,Wednesday,July,1
550,2023-07-06,2023,7,3,6,Thursday,July,1
551,2023-07-07,2023,7,3,7,Friday,July,1
552,2023-07-08,2023,7,3,8,Saturday,July,0
553,2023-07-09,2023,7,3,9,Sunday,July,0
554,2023-07-10,2023,7,3,10,Monday,July,1
555,2023-07-11,2023,7,3,11,Tuesday,July,1
556,2023-07-12,2023,7,3,12,Wednesday,July,1
557,2023-07-13,2023,7,3,13,Thursday,July,1
558,2023-07-14,2023,7,3,14,Friday,July,1
559,2023-07-15,2023,7,3,15,Saturday,July,0
560,2023-07-16,2023,7,3,16,Sunday,July,0
561,2023-07-17,2023,7,3,17,Monday,July,1
562,2023-07-18,2023,7,3,18,Tuesday,July,1
563,2023-07-19,2023,7,3,19,Wednesday,July,1
564,2023-07-20,2023,7,3,20,Thursday,July,1
565,2023-07-21,2023,7,3,21,Friday,July,1
566,2023-07-22,2023,7,3,22,Saturday,July,0
567,2023-07-23,2023,7,3,23,Sunday,July,0
568,2023-07-24,2023,7,3,24,Monday,July,1
569,2023-07-25,2023,7,3,25,Tuesday,July,1
570,2023-07-26,2023,7,3,26,Wednesday,July,1
571,2023-07-27,2023,7,3,27,Thursday,July,1
572,2023-07-28,2023,7,3,28,Friday,July,1
573,2023-07-29,2023,7,3,29,Saturday,July,0
574,2023-07-30,2023,7,3,30,Sunday,July,0
575,2023-07-31,2023,7,3,31,Monday,July,1
576,2023-08-01,2023,8,3,1,Tuesday,August,1
577,2023-08-02,2023,8,3,2,Wednesday,August,1
578,2023-08-03,2023,8,3,3,Thursday,August,1
579,2023-08-04,2023,8,3,4,Friday,August,1
580,2023-08-05,2023,8,3,5,Saturday,August,0
581,2023-08-06,2023,8,3,6,Sunday,August,0
582,2023-08-07,2023,8,3,7,Monday,August,1
583,2023-08-08,2023,8,3,8,Tuesday,August,1
584,2023-08-09,2023,8,3,9,Wednesday,August,1
585,2023-08-10,2023,8,3,10,Thursday,August,1
586,2023-08-11,2023,8,3,11,Friday,August,1
587,2023-08-12,2023,8,3,12,Saturday,August,0
588,2023-08-13,2023,8,3,13,Sunday,August,0
589,2023-08-14,2023,8,3,14,Monday,August,1
590,2023-08-15,2023,8,3,15,Tuesday,August,1
591,2023-08-16,2023,8,3,16,Wednesday,August,1
592,2023-08-17,2023,8,3,17,Thursday,August,1
593,2023-08-18,2023,8,3,18,Friday,August,1
594,2023-08-19,2023,8,3,19,Saturday,August,0
595,2023-08-20,2023,8,3,20,Sunday,August,0
596,2023-08-21,2023,8,3,21,Monday,August,1
597,2023-08-22,2023,8,3,22,Tuesday,August,1
598,2023-08-23,2023,8,3,23,Wednesday,August,1
599,2023-08-24,2023,8,3,24,Thursday,August,1
600,2023-08-25,2023,8,3,25,Friday,August,1
601,2023-08-26,2023,8,3,26,Saturday,August,0
602,2023-08-27,2023,8,3,27,Sunday,August,0
603,2023-08-28,2023,8,3,28,Monday,August,1
604,2023-08-29,2023,8,3,29,Tuesday,August,1
605,2023-08-30,2023,8,3,30,Wednesday,August,1
606,2023-08-31,2023,8,3,31,Thursday,August,1
607,2023-09-01,2023,9,3,1,Friday,September,1
608,2023-09-02,2023,9,3,2,Saturday,September,0
609,2023-09-03,2023,9,3,3,Sunday,September,0
610,2023-09-04,2023,9,3,4,Monday,September,1
611,2023-09-05,2023,9,3,5,Tuesday,September,1
612,2023-09-06,2023,9,3,6,Wednesday,September,1
613,2023-09-07,2023,9,3,7,Thursday,September,1
614,2023-09-08,2023,9,3,8,Friday,September,1
615,2023-09-09,2023,9,3,9,Saturday,September,0
616,2023-09-10,2023,9,3,10,Sunday,September,0
617,2023-09-11,2023,9,3,11,Monday,September,1
618,2023-09-12,2023,9,3,12,Tuesday,September,1
619,2023-09-13,2023,9,3,13,Wednesday,September,1
620,2023-09-14,2023,9,3,14,Thursday,September,1
621,2023-09-15,2023,9,3,15,Friday,September,1
622,2023-09-16,2023,9,3,16,Saturday,September,0
623,2023-09-17,2023,9,3,17,Sunday,September,0
624,2023-09-18,2023,9,3,18,Monday,September,1
625,2023-09-19,2023,9,3,19,Tuesday,September,1
626,2023-09-20,2023,9,3,20,Wednesday,September,1
627,2023-09-21,2023,9,3,21,Thursday,September,1
628,2023-09-22,2023,9,3,22,Friday,September,1
629,2023-09-23,2023,9,3,23,Saturday,September,0
630,2023-09-24,2023,9,3,24,Sunday,September,0
631,2023-09-25,2023,9,3,25,Monday,September,1
632,2023-09-26,2023,9,3,26,Tuesday,September,1
633,2023-09-27,2023,9,3,27,Wednesday,September,1
634,2023-09-28,2023,9,3,28,Thursday,September,1
635,2023-09-29,2023,9,3,29,Friday,September,1
636,2023-09-30,2023,9,3,30,Saturday,September,0
637,2023-10-01,2023,10,4,1,Sunday,October,0
638,2023-10-02,2023,10,4,2,Monday,October,1
639,2023-10-03,2023,10,4,3,Tuesday,October,1
640,2023-10-04,2023,10,4,4,Wednesday,October,1
641,2023-10-05,2023,10,4,5,Thursday,October,1
642,2023-10-06,2023,10,4,6,Friday,October,1
643,2023-10-07,2023,10,4,7,Saturday,October,0
644,2023-10-08,2023,10,4,8,Sunday,October,0
645,2023-10-09,2023,10,4,9,Monday,October,1
646,2023-10-10,2023,10,4,10,Tuesday,October,1
647,2023-10-11,2023,10,4,11,Wednesday,October,1
648,2023-10-12,2023,10,4,12,Thursday,October,1
649,2023-10-13,2023,10,4,13,Friday,October,1
650,2023-10-14,2023,10,4,14,Saturday,October,0
651,2023-10-15,2023,10,4,15,Sunday,October,0
652,2023-10-16,2023,10,4,16,Monday,October,1
653,2023-10-17,2023,10,4,17,Tuesday,October,1
654,2023-10-18,2023,10,4,18,Wednesday,October,1
655,2023-10-19,2023,10,4,19,Thursday,October,1
656,2023-10-20,2023,10,4,20,Friday,October,1
657,2023-10-21,2023,10,4,21,Saturday,October,0
658,2023-10-22,2023,10,4,22,Sunday,October,0
659,2023-10-23,2023,10,4,23,Monday,October,1
660,2023-10-24,2023,10,4,24,Tuesday,October,1
661,2023-10-25,2023,10,4,25,Wednesday,October,1
662,2023-10-26,2023,10,4,26,Thursday,October,1
663,2023-10-27,2023,10,4,27,Friday,October,1
664,2023-10-28,2023,10,4,28,Saturday,October,0
665,2023-10-29,2023,10,4,29,Sunday,October,0
666,2023-10-30,2023,10,4,30,Monday,October,1
667,2023-10-31,2023,10,4,31,Tuesday,October,1
668,2023-11-01,2023,11,4,1,Wednesday,November,1
669,2023-11-02,2023,11,4,2,Thursday,November,1
670,2023-11-03,2023,11,4,3,Friday,November,1
671,2023-11-04,2023,11,4,4,Saturday,November,0
672,2023-11-05,2023,11,4,5,Sunday,November,0
673,2023-11-06,2023,11,4,6,Monday,November,1
674,2023-11-07,2023,11,4,7,Tuesday,November,1
675,2023-11-08,2023,11,4,8,Wednesday,November,1
676,2023-11-09,2023,11,4,9,Thursday,November,1
677,2023-11-10,2023,11,4,10,Friday,November,1
678,2023-11-11,2023,11,4,11,Saturday,November,0
679,2023-11-12,2023,11,4,12,Sunday,November,0
680,2023-11-13,2023,11,4,13,Monday,November,1
681,2023-11-14,2023,11,4,14,Tuesday,November,1
682,2023-11-15,2023,11,4,15,Wednesday,November,1
683,2023-11-16,2023,11,4,16,Thursday,November,1
684,2023-11-17,2023,11,4,17,Friday,November,1
685,2023-11-18,2023,11,4,18,Saturday,November,0
686,2023-11-19,2023,11,4,19,Sunday,November,0
687,2023-11-20,2023,11,4,20,Monday,November,1
688,2023-11-21,2023,11,4,21,Tuesday,November,1
689,2023-11-22,2023,11,4,22,Wednesday,November,1
690,2023-11-23,2023,11,4,23,Thursday,November,1
691,2023-11-24,2023,11,4,24,Friday,November,1
692,2023-11-25,2023,11,4,25,Saturday,November,0
693,2023-11-26,2023,11,4,26,Sunday,November,0
694,2023-11-27,2023,11,4,27,Monday,November,1
695,2023-11-28,2023,11,4,28,Tuesday,November,1
696,2023-11-29,2023,11,4,29,Wednesday,November,1
697,2023-11-30,2023,11,4,30,Thursday,November,1
698,2023-12-01,2023,12,4,1,Friday,December,1
699,2023-12-02,2023,12,4,2,Saturday,December,0
700,2023-12-03,2023,12,4,3,Sunday,December,0
701,2023-12-04,2023,12,4,4,Monday,December,1
702,2023-12-05,2023,12,4,5,Tuesday,December,1
703,2023-12-06,2023,12,4,6,Wednesday,December,1
704,2023-12-07,2023,12,4,7,Thursday,December,1
705,2023-12-08,2023,12,4,8,Friday,December,1
706,2023-12-09,2023,12,4,9,Saturday,December,0
707,2023-12-10,2023,12,4,10,Sunday,December,0
708,2023-12-11,2023,12,4,11,Monday,December,1
709,2023-12-12,2023,12,4,12,Tuesday,December,1
710,2023-12-13,2023,12,4,13,Wednesday,December,1
711,2023-12-14,2023,12,4,14,Thursday,December,1
712,2023-12-15,2023,12,4,15,Friday,December,1
713,2023-12-16,2023,12,4,16,Saturday,December,0
714,2023-12-17,2023,12,4,17,Sunday,December,0
715,2023-12-18,2023,12,4,18,Monday,December,1
716,2023-12-19,2023,12,4,19,Tuesday,December,1
717,2023-12-20,2023,12,4,20,Wednesday,December,1
718,2023-12-21,2023,12,4,21,Thursday,December,1
719,2023-12-22,2023,12,4,22,Friday,December,1
720,2023-12-23,2023,12,4,23,Saturday,December,0
721,2023-12-24,2023,12,4,24,Sunday,December,0
722,2023-12-25,2023,12,4,25,Monday,December,1
723,2023-12-26,2023,12,4,26,Tuesday,December,1
724,2023-12-27,2023,12,4,27,Wednesday,December,1
725,2023-12-28,2023,12,4,28,Thursday,December,1
726,2023-12-29,2023,12,4,29,Friday,December,1
727,2023-12-30,2023,12,4,30,Saturday,December,0
728,2023-12-31,2023,12,4,31,Sunday,December,0
729,2024-01-01,2024,1,1,1,Monday,January,1
730,2024-01-02,2024,1,1,2,Tuesday,January,1
731,2024-01-03,2024,1,1,3,Wednesday,January,1
732,2024-01-04,2024,1,1,4,Thursday,January,1
733,2024-01-05,2024,1,1,5,Friday,January,1
734,2024-01-06,2024,1,1,6,Saturday,January,0
735,2024-01-07,2024,1,1,7,Sunday,January,0
736,2024-01-08,2024,1,1,8,Monday,January,1
737,2024-01-09,2024,1,1,9,Tuesday,January,1
738,2024-01-10,2024,1,1,10,Wednesday,January,1
739,2024-01-11,2024,1,1,11,Thursday,January,1
740,2024-01-12,2024,1,1,12,Friday,January,1
741,2024-01-13,2024,1,1,13,Saturday,January,0
742,2024-01-14,2024,1,1,14,Sunday,January,0
743,2024-01-15,2024,1,1,15,Monday,January,1
744,2024-01-16,2024,1,1,16,Tuesday,January,1
745,2024-01-17,2024,1,1,17,Wednesday,January,1
746,2024-01-18,2024,1,1,18,Thursday,January,1
747,2024-01-19,2024,1,1,19,Friday,January,1
748,2024-01-20,2024,1,1,20,Saturday,January,0
749,2024-01-21,2024,1,1,21,Sunday,January,0
750,2024-01-22,2024,1,1,22,Monday,January,1
751,2024-01-23,2024,1,1,23,Tuesday,January,1
752,2024-01-24,2024,1,1,24,Wednesday,January,1
753,2024-01-25,2024,1,1,25,Thursday,January,1
754,2024-01-26,2024,1,1,26,Friday,January,1
755,2024-01-27,2024,1,1,27,Saturday,January,0
756,2024-01-28,2024,1,1,28,Sunday,January,0
757,2024-01-29,2024,1,1,29,Monday,January,1
758,2024-01-30,2024,1,1,30,Tuesday,January,1
759,2024-01-31,2024,1,1,31,Wednesday,January,1
760,2024-02-01,2024,2,1,1,Thursday,February,1
761,2024-02-02,2024,2,1,2,Friday,February,1
762,2024-02-03,2024,2,1,3,Saturday,February,0
763,2024-02-04,2024,2,1,4,Sunday,February,0
764,2024-02-05,2024,2,1,5,Monday,February,1
765,2024-02-06,2024,2,1,6,Tuesday,February,1
766,2024-02-07,2024,2,1,7,Wednesday,February,1
767,2024-02-08,2024,2,1,8,Thursday,February,1
768,2024-02-09,2024,2,1,9,Friday,February,1
769,2024-02-10,2024,2,1,10,Saturday,February,0
770,2024-02-11,2024,2,1,11,Sunday,February,0
771,2024-02-12,2024,2,1,12,Monday,February,1
772,2024-02-13,2024,2,1,13,Tuesday,February,1
773,2024-02-14,2024,2,1,14,Wednesday,February,1
774,2024-02-15,2024,2,1,15,Thursday,February,1
775,2024-02-16,2024,2,1,16,Friday,February,1
776,2024-02-17,2024,2,1,17,Saturday,February,0
777,2024-02-18,2024,2,1,18,Sunday,February,0
778,2024-02-19,2024,2,1,19,Monday,February,1
779,2024-02-20,2024,2,1,20,Tuesday,February,1
780,2024-02-21,2024,2,1,21,Wednesday,February,1
781,2024-02-22,2024,2,1,22,Thursday,February,1
782,2024-02-23,2024,2,1,23,Friday,February,1
783,2024-02-24,2024,2,1,24,Saturday,February,0
784,2024-02-25,2024,2,1,25,Sunday,February,0
785,2024-02-26,2024,2,1,26,Monday,February,1
786,2024-02-27,2024,2,1,27,Tuesday,February,1
787,2024-02-28,2024,2,1,28,Wednesday,February,1
788,2024-02-29,2024,2,1,29,Thursday,February,1
789,2024-03-01,2024,3,1,1,Friday,March,1
790,2024-03-02,2024,3,1,2,Saturday,March,0
791,2024-03-03,2024,3,1,3,Sunday,March,0
792,2024-03-04,2024,3,1,4,Monday,March,1
793,2024-03-05,2024,3,1,5,Tuesday,March,1
794,2024-03-06,2024,3,1,6,Wednesday,March,1
795,2024-03-07,2024,3,1,7,Thursday,March,1
796,2024-03-08,2024,3,1,8,Friday,March,1
797,2024-03-09,2024,3,1,9,Saturday,March,0
798,2024-03-10,2024,3,1,10,Sunday,March,0
799,2024-03-11,2024,3,1,11,Monday,March,1
800,2024-03-12,2024,3,1,12,Tuesday,March,1
801,2024-03-13,2024,3,1,13,Wednesday,March,1
802,2024-03-14,2024,3,1,14,Thursday,March,1
803,2024-03-15,2024,3,1,15,Friday,March,1
804,2024-03-16,2024,3,1,16,Saturday,March,0
805,2024-03-17,2024,3,1,17,Sunday,March,0
806,2024-03-18,2024,3,1,18,Monday,March,1
807,2024-03-19,2024,3,1,19,Tuesday,March,1
808,2024-03-20,2024,3,1,20,Wednesday,March,1
809,2024-03-21,2024,3,1,21,Thursday,March,1
810,2024-03-22,2024,3,1,22,Friday,March,1
811,2024-03-23,2024,3,1,23,Saturday,March,0
812,2024-03-24,2024,3,1,24,Sunday,March,0
813,2024-03-25,2024,3,1,25,Monday,March,1
814,2024-03-26,2024,3,1,26,Tuesday,March,1
815,2024-03-27,2024,3,1,27,Wednesday,March,1
816,2024-03-28,2024,3,1,28,Thursday,March,1
817,2024-03-29,2024,3,1,29,Friday,March,1
818,2024-03-30,2024,3,1,30,Saturday,March,0
819,2024-03-31,2024,3,1,31,Sunday,March,0
820,2024-04-01,2024,4,2,1,Monday,April,1
821,2024-04-02,2024,4,2,2,Tuesday,April,1
822,2024-04-03,2024,4,2,3,Wednesday,April,1
823,2024-04-04,2024,4,2,4,Thursday,April,1
824,2024-04-05,2024,4,2,5,Friday,April,1
825,2024-04-06,2024,4,2,6,Saturday,April,0
826,2024-04-07,2024,4,2,7,Sunday,April,0
827,2024-04-08,2024,4,2,8,Monday,April,1
828,2024-04-09,2024,4,2,9,Tuesday,April,1
829,2024-04-10,2024,4,2,10,Wednesday,April,1
830,2024-04-11,2024,4,2,11,Thursday,April,1
831,2024-04-12,2024,4,2,12,Friday,April,1
832,2024-04-13,2024,4,2,13,Saturday,April,0
833,2024-04-14,2024,4,2,14,Sunday,April,0
834,2024-04-15,2024,4,2,15,Monday,April,1
835,2024-04-16,2024,4,2,16,Tuesday,April,1
836,2024-04-17,2024,4,2,17,Wednesday,April,1
837,2024-04-18,2024,4,2,18,Thursday,April,1
838,2024-04-19,2024,4,2,19,Friday,April,1
839,2024-04-20,2024,4,2,20,Saturday,April,0
840,2024-04-21,2024,4,2,21,Sunday,April,0
841,2024-04-22,2024,4,2,22,Monday,April,1
842,2024-04-23,2024,4,2,23,Tuesday,April,1
843,2024-04-24,2024,4,2,24,Wednesday,April,1
844,2024-04-25,2024,4,2,25,Thursday,April,1
845,2024-04-26,2024,4,2,26,Friday,April,1
846,2024-04-27,2024,4,2,27,Saturday,April,0
847,2024-04-28,2024,4,2,28,Sunday,April,0
848,2024-04-29,2024,4,2,29,Monday,April,1
849,2024-04-30,2024,4,2,30,Tuesday,April,1
850,2024-05-01,2024,5,2,1,Wednesday,May,1
851,2024-05-02,2024,5,2,2,Thursday,May,1
852,2024-05-03,2024,5,2,3,Friday,May,1
853,2024-05-04,2024,5,2,4,Saturday,May,0
854,2024-05-05,2024,5,2,5,Sunday,May,0
855,2024-05-06,2024,5,2,6,Monday,May,1
856,2024-05-07,2024,5,2,7,Tuesday,May,1
857,2024-05-08,2024,5,2,8,Wednesday,May,1
858,2024-05-09,2024,5,2,9,Thursday,May,1
859,2024-05-10,2024,5,2,10,Friday,May,1
860,2024-05-11,2024,5,2,11,Saturday,May,0
861,2024-05-12,2024,5,2,12,Sunday,May,0
862,2024-05-13,2024,5,2,13,Monday,May,1
863,2024-05-14,2024,5,2,14,Tuesday,May,1
864,2024-05-15,2024,5,2,15,Wednesday,May,1
865,2024-05-16,2024,5,2,16,Thursday,May,1
866,2024-05-17,2024,5,2,17,Friday,May,1
867,2024-05-18,2024,5,2,18,Saturday,May,0
868,2024-05-19,2024,5,2,19,Sunday,May,0
869,2024-05-20,2024,5,2,20,Monday,May,1
870,2024-05-21,2024,5,2,21,Tuesday,May,1
871,2024-05-22,2024,5,2,22,Wednesday,May,1
872,2024-05-23,2024,5,2,23,Thursday,May,1
873,2024-05-24,2024,5,2,24,Friday,May,1
874,2024-05-25,2024,5,2,25,Saturday,May,0
875,2024-05-26,2024,5,2,26,Sunday,May,0
876,2024-05-27,2024,5,2,27,Monday,May,1
877,2024-05-28,2024,5,2,28,Tuesday,May,1
878,2024-05-29,2024,5,2,29,Wednesday,May,1
879,2024-05-30,2024,5,2,30,Thursday,May,1
880,2024-05-31,2024,5,2,31,Friday,May,1
881,2024-06-01,2024,6,2,1,Saturday,June,0
882,2024-06-02,2024,6,2,2,Sunday,June,0
883,2024-06-03,2024,6,2,3,Monday,June,1
884,2024-06-04,2024,6,2,4,Tuesday,June,1
885,2024-06-05,2024,6,2,5,Wednesday,June,1
886,2024-06-06,2024,6,2,6,Thursday,June,1
887,2024-06-07,2024,6,2,7,Friday,June,1
888,2024-06-08,2024,6,2,8,Saturday,June,0
889,2024-06-09,2024,6,2,9,Sunday,June,0
890,2024-06-10,2024,6,2,10,Monday,June,1
891,2024-06-11,2024,6,2,11,Tuesday,June,1
892,2024-06-12,2024,6,2,12,Wednesday,June,1
893,2024-06-13,2024,6,2,13,Thursday,June,1
894,2024-06-14,2024,6,2,14,Friday,June,1
895,2024-06-15,2024,6,2,15,Saturday,June,0
896,2024-06-16,2024,6,2,16,Sunday,June,0
897,2024-06-17,2024,6,2,17,Monday,June,1
898,2024-06-18,2024,6,2,18,Tuesday,June,1
899,2024-06-19,2024,6,2,19,Wednesday,June,1
900,2024-06-20,2024,6,2,20,Thursday,June,1
901,2024-06-21,2024,6,2,21,Friday,June,1
902,2024-06-22,2024,6,2,22,Saturday,June,0
903,2024-06-23,2024,6,2,23,Sunday,June,0
904,2024-06-24,2024,6,2,24,Monday,June,1
905,2024-06-25,2024,6,2,25,Tuesday,June,1
906,2024-06-26,2024,6,2,26,Wednesday,June,1
907,2024-06-27,2024,6,2,27,Thursday,June,1
908,2024-06-28,2024,6,2,28,Friday,June,1
909,2024-06-29,2024,6,2,29,Saturday,June,0
910,2024-06-30,2024,6,2,30,Sunday,June,0
911,2024-07-01,2024,7,3,1,Monday,July,1
912,2024-07-02,2024,7,3,2,Tuesday,July,1
913,2024-07-03,2024,7,3,3,Wednesday,July,1
914,2024-07-04,2024,7,3,4,Thursday,July,1
915,2024-07-05,2024,7,3,5,Friday,July,1
916,2024-07-06,2024,7,3,6,Saturday,July,0
917,2024-07-07,2024,7,3,7,Sunday,July,0
918,2024-07-08,2024,7,3,8,Monday,July,1
919,2024-07-09,2024,7,3,9,Tuesday,July,1
920,2024-07-10,2024,7,3,10,Wednesday,July,1
921,2024-07-11,2024,7,3,11,Thursday,July,1
922,2024-07-12,2024,7,3,12,Friday,July,1
923,2024-07-13,2024,7,3,13,Saturday,July,0
924,2024-07-14,2024,7,3,14,Sunday,July,0
925,2024-07-15,2024,7,3,15,Monday,July,1
926,2024-07-16,2024,7,3,16,Tuesday,July,1
927,2024-07-17,2024,7,3,17,Wednesday,July,1
928,2024-07-18,2024,7,3,18,Thursday,July,1
929,2024-07-19,2024,7,3,19,Friday,July,1
930,2024-07-20,2024,7,3,20,Saturday,July,0
931,2024-07-21,2024,7,3,21,Sunday,July,0
932,2024-07-22,2024,7,3,22,Monday,July,1
933,2024-07-23,2024,7,3,23,Tuesday,July,1
934,2024-07-24,2024,7,3,24,Wednesday,July,1
935,2024-07-25,2024,7,3,25,Thursday,July,1
936,2024-07-26,2024,7,3,26,Friday,July,1
937,2024-07-27,2024,7,3,27,Saturday,July,0
938,2024-07-28,2024,7,3,28,Sunday,July,0
939,2024-07-29,2024,7,3,29,Monday,July,1
940,2024-07-30,2024,7,3,30,Tuesday,July,1
941,2024-07-31,2024,7,3,31,Wednesday,July,1
942,2024-08-01,2024,8,3,1,Thursday,August,1
943,2024-08-02,2024,8,3,2,Friday,August,1
944,2024-08-03,2024,8,3,3,Saturday,August,0
945,2024-08-04,2024,8,3,4,Sunday,August,0
946,2024-08-05,2024,8,3,5,Monday,August,1
947,2024-08-06,2024,8,3,6,Tuesday,August,1
948,2024-08-07,2024,8,3,7,Wednesday,August,1
949,2024-08-08,2024,8,3,8,Thursday,August,1
950,2024-08-09,2024,8,3,9,Friday,August,1
951,2024-08-10,2024,8,3,10,Saturday,August,0
952,2024-08-11,2024,8,3,11,Sunday,August,0
953,2024-08-12,2024,8,3,12,Monday,August,1
954,2024-08-13,2024,8,3,13,Tuesday,August,1
955,2024-08-14,2024,8,3,14,Wednesday,August,1
956,2024-08-15,2024,8,3,15,Thursday,August,1
957,2024-08-16,2024,8,3,16,Friday,August,1
958,2024-08-17,2024,8,3,17,Saturday,August,0
959,2024-08-18,2024,8,3,18,Sunday,August,0
960,2024-08-19,2024,8,3,19,Monday,August,1
961,2024-08-20,2024,8,3,20,Tuesday,August,1
962,2024-08-21,2024,8,3,21,Wednesday,August,1
963,2024-08-22,2024,8,3,22,Thursday,August,1
964,2024-08-23,2024,8,3,23,Friday,August,1
965,2024-08-24,2024,8,3,24,Saturday,August,0
966,2024-08-25,2024,8,3,25,Sunday,August,0
967,2024-08-26,2024,8,3,26,Monday,August,1
968,2024-08-27,2024,8,3,27,Tuesday,August,1
969,2024-08-28,2024,8,3,28,Wednesday,August,1
970,2024-08-29,2024,8,3,29,Thursday,August,1
971,2024-08-30,2024,8,3,30,Friday,August,1
972,2024-08-31,2024,8,3,31,Saturday,August,0
973,2024-09-01,2024,9,3,1,Sunday,September,0
974,2024-09-02,2024,9,3,2,Monday,September,1
975,2024-09-03,2024,9,3,3,Tuesday,September,1
976,2024-09-04,2024,9,3,4,Wednesday,September,1
977,2024-09-05,2024,9,3,5,Thursday,September,1
978,2024-09-06,2024,9,3,6,Friday,September,1
979,2024-09-07,2024,9,3,7,Saturday,September,0
980,2024-09-08,2024,9,3,8,Sunday,September,0
981,2024-09-09,2024,9,3,9,Monday,September,1
982,2024-09-10,2024,9,3,10,Tuesday,September,1
983,2024-09-11,2024,9,3,11,Wednesday,September,1
984,2024-09-12,2024,9,3,12,Thursday,September,1
985,2024-09-13,2024,9,3,13,Friday,September,1
986,2024-09-14,2024,9,3,14,Saturday,September,0
987,2024-09-15,2024,9,3,15,Sunday,September,0
988,2024-09-16,2024,9,3,16,Monday,September,1
989,2024-09-17,2024,9,3,17,Tuesday,September,1
990,2024-09-18,2024,9,3,18,Wednesday,September,1
991,2024-09-19,2024,9,3,19,Thursday,September,1
992,2024-09-20,2024,9,3,20,Friday,September,1
993,2024-09-21,2024,9,3,21,Saturday,September,0
994,2024-09-22,2024,9,3,22,Sunday,September,0
995,2024-09-23,2024,9,3,23,Monday,September,1
996,2024-09-24,2024,9,3,24,Tuesday,September,1
997,2024-09-25,2024,9,3,25,Wednesday,September,1
998,2024-09-26,2024,9,3,26,Thursday,September,1
999,2024-09-27,2024,9,3,27,Friday,September,1
1000,2024-09-28,2024,9,3,28,Saturday,September,0
1001,2024-09-29,2024,9,3,29,Sunday,September,0
1002,2024-09-30,2024,9,3,30,Monday,September,1
1003,2024-10-01,2024,10,4,1,Tuesday,October,1
1004,2024-10-02,2024,10,4,2,Wednesday,October,1
1005,2024-10-03,2024,10,4,3,Thursday,October,1
1006,2024-10-04,2024,10,4,4,Friday,October,1
1007,2024-10-05,2024,10,4,5,Saturday,October,0
1008,2024-10-06,2024,10,4,6,Sunday,October,0
1009,2024-10-07,2024,10,4,7,Monday,October,1
1010,2024-10-08,2024,10,4,8,Tuesday,October,1
1011,2024-10-09,2024,10,4,9,Wednesday,October,1
1012,2024-10-10,2024,10,4,10,Thursday,October,1
1013,2024-10-11,2024,10,4,11,Friday,October,1
1014,2024-10-12,2024,10,4,12,Saturday,October,0
1015,2024-10-13,2024,10,4,13,Sunday,October,0
1016,2024-10-14,2024,10,4,14,Monday,October,1
1017,2024-10-15,2024,10,4,15,Tuesday,October,1
1018,2024-10-16,2024,10,4,16,Wednesday,October,1
1019,2024-10-17,2024,10,4,17,Thursday,October,1
1020,2024-10-18,2024,10,4,18,Friday,October,1
1021,2024-10-19,2024,10,4,19,Saturday,October,0
1022,2024-10-20,2024,10,4,20,Sunday,October,0
1023,2024-10-21,2024,10,4,21,Monday,October,1
1024,2024-10-22,2024,10,4,22,Tuesday,October,1
1025,2024-10-23,2024,10,4,23,Wednesday,October,1
1026,2024-10-24,2024,10,4,24,Thursday,October,1
1027,2024-10-25,2024,10,4,25,Friday,October,1
1028,2024-10-26,2024,10,4,26,Saturday,October,0
1029,2024-10-27,2024,10,4,27,Sunday,October,0
1030,2024-10-28,2024,10,4,28,Monday,October,1
1031,2024-10-29,2024,10,4,29,Tuesday,October,1
1032,2024-10-30,2024,10,4,30,Wednesday,October,1
1033,2024-10-31,2024,10,4,31,Thursday,October,1
1034,2024-11-01,2024,11,4,1,Friday,November,1
1035,2024-11-02,2024,11,4,2,Saturday,November,0
1036,2024-11-03,2024,11,4,3,Sunday,November,0
1037,2024-11-04,2024,11,4,4,Monday,November,1
1038,2024-11-05,2024,11,4,5,Tuesday,November,1
1039,2024-11-06,2024,11,4,6,Wednesday,November,1
1040,2024-11-07,2024,11,4,7,Thursday,November,1
1041,2024-11-08,2024,11,4,8,Friday,November,1
1042,2024-11-09,2024,11,4,9,Saturday,November,0
1043,2024-11-10,2024,11,4,10,Sunday,November,0
1044,2024-11-11,2024,11,4,11,Monday,November,1
1045,2024-11-12,2024,11,4,12,Tuesday,November,1
1046,2024-11-13,2024,11,4,13,Wednesday,November,1
1047,2024-11-14,2024,11,4,14,Thursday,November,1
1048,2024-11-15,2024,11,4,15,Friday,November,1
1049,2024-11-16,2024,11,4,16,Saturday,November,0
1050,2024-11-17,2024,11,4,17,Sunday,November,0
1051,2024-11-18,2024,11,4,18,Monday,November,1
1052,2024-11-19,2024,11,4,19,Tuesday,November,1
1053,2024-11-20,2024,11,4,20,Wednesday,November,1
1054,2024-11-21,2024,11,4,21,Thursday,November,1
1055,2024-11-22,2024,11,4,22,Friday,November,1
1056,2024-11-23,2024,11,4,23,Saturday,November,0
1057,2024-11-24,2024,11,4,24,Sunday,November,0
1058,2024-11-25,2024,11,4,25,Monday,November,1
1059,2024-11-26,2024,11,4,26,Tuesday,November,1
1060,2024-11-27,2024,11,4,27,Wednesday,November,1
1061,2024-11-28,2024,11,4,28,Thursday,November,1
1062,2024-11-29,2024,11,4,29,Friday,November,1
1063,2024-11-30,2024,11,4,30,Saturday,November,0
1064,2024-12-01,2024,12,4,1,Sunday,December,0
1065,2024-12-02,2024,12,4,2,Monday,December,1
1066,2024-12-03,2024,12,4,3,Tuesday,December,1
1067,2024-12-04,2024,12,4,4,Wednesday,December,1
1068,2024-12-05,2024,12,4,5,Thursday,December,1
1069,2024-12-06,2024,12,4,6,Friday,December,1
1070,2024-12-07,2024,12,4,7,Saturday,December,0
1071,2024-12-08,2024,12,4,8,Sunday,December,0
1072,2024-12-09,2024,12,4,9,Monday,December,1
1073,2024-12-10,2024,12,4,10,Tuesday,December,1
1074,2024-12-11,2024,12,4,11,Wednesday,December,1
1075,2024-12-12,2024,12,4,12,Thursday,December,1
1076,2024-12-13,2024,12,4,13,Friday,December,1
1077,2024-12-14,2024,12,4,14,Saturday,December,0
1078,2024-12-15,2024,12,4,15,Sunday,December,0
1079,2024-12-16,2024,12,4,16,Monday,December,1
1080,2024-12-17,2024,12,4,17,Tuesday,December,1
1081,2024-12-18,2024,12,4,18,Wednesday,December,1
1082,2024-12-19,2024,12,4,19,Thursday,December,1
1083,2024-12-20,2024,12,4,20,Friday,December,1
1084,2024-12-21,2024,12,4,21,Saturday,December,0
1085,2024-12-22,2024,12,4,22,Sunday,December,0
1086,2024-12-23,2024,12,4,23,Monday,December,1
1087,2024-12-24,2024,12,4,24,Tuesday,December,1
1088,2024-12-25,2024,12,4,25,Wednesday,December,1
1089,2024-12-26,2024,12,4,26,Thursday,December,1
1090,2024-12-27,2024,12,4,27,Friday,December,1
1091,2024-12-28,2024,12,4,28,Saturday,December,0
1092,2024-12-29,2024,12,4,29,Sunday,December,0
1093,2024-12-30,2024,12,4,30,Monday,December,1
1094,2024-12-31,2024,12,4,31,Tuesday,December,1
1095,2025-01-01,2025,1,1,1,Wednesday,January,1
1096,2025-01-02,2025,1,1,2,Thursday,January,1
1097,2025-01-03,2025,1,1,3,Friday,January,1
1098,2025-01-04,2025,1,1,4,Saturday,January,0
1099,2025-01-05,2025,1,1,5,Sunday,January,0
1100,2025-01-06,2025,1,1,6,Monday,January,1
1101,2025-01-07,2025,1,1,7,Tuesday,January,1
1102,2025-01-08,2025,1,1,8,Wednesday,January,1
1103,2025-01-09,2025,1,1,9,Thursday,January,1
1104,2025-01-10,2025,1,1,10,Friday,January,1
1105,2025-01-11,2025,1,1,11,Saturday,January,0
1106,2025-01-12,2025,1,1,12,Sunday,January,0
1107,2025-01-13,2025,1,1,13,Monday,January,1
1108,2025-01-14,2025,1,1,14,Tuesday,January,1
1109,2025-01-15,2025,1,1,15,Wednesday,January,1
1110,2025-01-16,2025,1,1,16,Thursday,January,1
1111,2025-01-17,2025,1,1,17,Friday,January,1
1112,2025-01-18,2025,1,1,18,Saturday,January,0
1113,2025-01-19,2025,1,1,19,Sunday,January,0
1114,2025-01-20,2025,1,1,20,Monday,January,1
1115,2025-01-21,2025,1,1,21,Tuesday,January,1
1116,2025-01-22,2025,1,1,22,Wednesday,January,1
1117,2025-01-23,2025,1,1,23,Thursday,January,1
1118,2025-01-24,2025,1,1,24,Friday,January,1
1119,2025-01-25,2025,1,1,25,Saturday,January,0
1120,2025-01-26,2025,1,1,26,Sunday,January,0
1121,2025-01-27,2025,1,1,27,Monday,January,1
1122,2025-01-28,2025,1,1,28,Tuesday,January,1
1123,2025-01-29,2025,1,1,29,Wednesday,January,1
1124,2025-01-30,2025,1,1,30,Thursday,January,1
1125,2025-01-31,2025,1,1,31,Friday,January,1
1126,2025-02-01,2025,2,1,1,Saturday,February,0
1127,2025-02-02,2025,2,1,2,Sunday,February,0
1128,2025-02-03,2025,2,1,3,Monday,February,1
1129,2025-02-04,2025,2,1,4,Tuesday,February,1
1130,2025-02-05,2025,2,1,5,Wednesday,February,1
1131,2025-02-06,2025,2,1,6,Thursday,February,1
1132,2025-02-07,2025,2,1,7,Friday,February,1
1133,2025-02-08,2025,2,1,8,Saturday,February,0
1134,2025-02-09,2025,2,1,9,Sunday,February,0
1135,2025-02-10,2025,2,1,10,Monday,February,1
1136,2025-02-11,2025,2,1,11,Tuesday,February,1
1137,2025-02-12,2025,2,1,12,Wednesday,February,1
1138,2025-02-13,2025,2,1,13,Thursday,February,1
1139,2025-02-14,2025,2,1,14,Friday,February,1
1140,2025-02-15,2025,2,1,15,Saturday,February,0
1141,2025-02-16,2025,2,1,16,Sunday,February,0
1142,2025-02-17,2025,2,1,17,Monday,February,1
1143,2025-02-18,2025,2,1,18,Tuesday,February,1
1144,2025-02-19,2025,2,1,19,Wednesday,February,1
1145,2025-02-20,2025,2,1,20,Thursday,February,1
1146,2025-02-21,2025,2,1,21,Friday,February,1
1147,2025-02-22,2025,2,1,22,Saturday,February,0
1148,2025-02-23,2025,2,1,23,Sunday,February,0
1149,2025-02-24,2025,2,1,24,Monday,February,1
1150,2025-02-25,2025,2,1,25,Tuesday,February,1
1151,2025-02-26,2025,2,1,26,Wednesday,February,1
1152,2025-02-27,2025,2,1,27,Thursday,February,1
1153,2025-02-28,2025,2,1,28,Friday,February,1
1154,2025-03-01,2025,3,1,1,Saturday,March,0
1155,2025-03-02,2025,3,1,2,Sunday,March,0
1156,2025-03-03,2025,3,1,3,Monday,March,1
1157,2025-03-04,2025,3,1,4,Tuesday,March,1
1158,2025-03-05,2025,3,1,5,Wednesday,March,1
1159,2025-03-06,2025,3,1,6,Thursday,March,1
1160,2025-03-07,2025,3,1,7,Friday,March,1
1161,2025-03-08,2025,3,1,8,Saturday,March,0
1162,2025-03-09,2025,3,1,9,Sunday,March,0
1163,2025-03-10,2025,3,1,10,Monday,March,1
1164,2025-03-11,2025,3,1,11,Tuesday,March,1
1165,2025-03-12,2025,3,1,12,Wednesday,March,1
1166,2025-03-13,2025,3,1,13,Thursday,March,1
1167,2025-03-14,2025,3,1,14,Friday,March,1
1168,2025-03-15,2025,3,1,15,Saturday,March,0
1169,2025-03-16,2025,3,1,16,Sunday,March,0
1170,2025-03-17,2025,3,1,17,Monday,March,1
1171,2025-03-18,2025,3,1,18,Tuesday,March,1
1172,2025-03-19,2025,3,1,19,Wednesday,March,1
1173,2025-03-20,2025,3,1,20,Thursday,March,1
1174,2025-03-21,2025,3,1,21,Friday,March,1
1175,2025-03-22,2025,3,1,22,Saturday,March,0
1176,2025-03-23,2025,3,1,23,Sunday,March,0
1177,2025-03-24,2025,3,1,24,Monday,March,1
1178,2025-03-25,2025,3,1,25,Tuesday,March,1
1179,2025-03-26,2025,3,1,26,Wednesday,March,1
1180,2025-03-27,2025,3,1,27,Thursday,March,1
1181,2025-03-28,2025,3,1,28,Friday,March,1
1182,2025-03-29,2025,3,1,29,Saturday,March,0
1183,2025-03-30,2025,3,1,30,Sunday,March,0
1184,2025-03-31,2025,3,1,31,Monday,March,1
1185,2025-04-01,2025,4,2,1,Tuesday,April,1
1186,2025-04-02,2025,4,2,2,Wednesday,April,1
1187,2025-04-03,2025,4,2,3,Thursday,April,1
1188,2025-04-04,2025,4,2,4,Friday,April,1
1189,2025-04-05,2025,4,2,5,Saturday,April,0
1190,2025-04-06,2025,4,2,6,Sunday,April,0
1191,2025-04-07,2025,4,2,7,Monday,April,1
1192,2025-04-08,2025,4,2,8,Tuesday,April,1
1193,2025-04-09,2025,4,2,9,Wednesday,April,1
1194,2025-04-10,2025,4,2,10,Thursday,April,1
1195,2025-04-11,2025,4,2,11,Friday,April,1
1196,2025-04-12,2025,4,2,12,Saturday,April,0
1197,2025-04-13,2025,4,2,13,Sunday,April,0
1198,2025-04-14,2025,4,2,14,Monday,April,1
1199,2025-04-15,2025,4,2,15,Tuesday,April,1
1200,2025-04-16,2025,4,2,16,Wednesday,April,1
1201,2025-04-17,2025,4,2,17,Thursday,April,1
1202,2025-04-18,2025,4,2,18,Friday,April,1
1203,2025-04-19,2025,4,2,19,Saturday,April,0
1204,2025-04-20,2025,4,2,20,Sunday,April,0
1205,2025-04-21,2025,4,2,21,Monday,April,1
1206,2025-04-22,2025,4,2,22,Tuesday,April,1
1207,2025-04-23,2025,4,2,23,Wednesday,April,1
1208,2025-04-24,2025,4,2,24,Thursday,April,1
1209,2025-04-25,2025,4,2,25,Friday,April,1
1210,2025-04-26,2025,4,2,26,Saturday,April,0
1211,2025-04-27,2025,4,2,27,Sunday,April,0
1212,2025-04-28,2025,4,2,28,Monday,April,1
1213,2025-04-29,2025,4,2,29,Tuesday,April,1
1214,2025-04-30,2025,4,2,30,Wednesday,April,1
1215,2025-05-01,2025,5,2,1,Thursday,May,1
1216,2025-05-02,2025,5,2,2,Friday,May,1
1217,2025-05-03,2025,5,2,3,Saturday,May,0
1218,2025-05-04,2025,5,2,4,Sunday,May,0
1219,2025-05-05,2025,5,2,5,Monday,May,1
1220,2025-05-06,2025,5,2,6,Tuesday,May,1
1221,2025-05-07,2025,5,2,7,Wednesday,May,1
1222,2025-05-08,2025,5,2,8,Thursday,May,1
1223,2025-05-09,2025,5,2,9,Friday,May,1
1224,2025-05-10,2025,5,2,10,Saturday,May,0
1225,2025-05-11,2025,5,2,11,Sunday,May,0
1226,2025-05-12,2025,5,2,12,Monday,May,1
1227,2025-05-13,2025,5,2,13,Tuesday,May,1
1228,2025-05-14,2025,5,2,14,Wednesday,May,1
1229,2025-05-15,2025,5,2,15,Thursday,May,1
1230,2025-05-16,2025,5,2,16,Friday,May,1
1231,2025-05-17,2025,5,2,17,Saturday,May,0
1232,2025-05-18,2025,5,2,18,Sunday,May,0
1233,2025-05-19,2025,5,2,19,Monday,May,1
1234,2025-05-20,2025,5,2,20,Tuesday,May,1
1235,2025-05-21,2025,5,2,21,Wednesday,May,1
1236,2025-05-22,2025,5,2,22,Thursday,May,1
1237,2025-05-23,2025,5,2,23,Friday,May,1
1238,2025-05-24,2025,5,2,24,Saturday,May,0
1239,2025-05-25,2025,5,2,25,Sunday,May,0
1240,2025-05-26,2025,5,2,26,Monday,May,1
1241,2025-05-27,2025,5,2,27,Tuesday,May,1
1242,2025-05-28,2025,5,2,28,Wednesday,May,1
1243,2025-05-29,2025,5,2,29,Thursday,May,1
1244,2025-05-30,2025,5,2,30,Friday,May,1
1245,2025-05-31,2025,5,2,31,Saturday,May,0
1246,2025-06-01,2025,6,2,1,Sunday,June,0
1247,2025-06-02,2025,6,2,2,Monday,June,1
1248,2025-06-03,2025,6,2,3,Tuesday,June,1
1249,2025-06-04,2025,6,2,4,Wednesday,June,1
1250,2025-06-05,2025,6,2,5,Thursday,June,1
1251,2025-06-06,2025,6,2,6,Friday,June,1
1252,2025-06-07,2025,6,2,7,Saturday,June,0
1253,2025-06-08,2025,6,2,8,Sunday,June,0
1254,2025-06-09,2025,6,2,9,Monday,June,1
1255,2025-06-10,2025,6,2,10,Tuesday,June,1
1256,2025-06-11,2025,6,2,11,Wednesday,June,1
1257,2025-06-12,2025,6,2,12,Thursday,June,1
1258,2025-06-13,2025,6,2,13,Friday,June,1
1259,2025-06-14,2025,6,2,14,Saturday,June,0
1260,2025-06-15,2025,6,2,15,Sunday,June,0
1261,2025-06-16,2025,6,2,16,Monday,June,1
1262,2025-06-17,2025,6,2,17,Tuesday,June,1
1263,2025-06-18,2025,6,2,18,Wednesday,June,1
1264,2025-06-19,2025,6,2,19,Thursday,June,1
1265,2025-06-20,2025,6,2,20,Friday,June,1
1266,2025-06-21,2025,6,2,21,Saturday,June,0
1267,2025-06-22,2025,6,2,22,Sunday,June,0
1268,2025-06-23,2025,6,2,23,Monday,June,1
1269,2025-06-24,2025,6,2,24,Tuesday,June,1
1270,2025-06-25,2025,6,2,25,Wednesday,June,1
1271,2025-06-26,2025,6,2,26,Thursday,June,1
1272,2025-06-27,2025,6,2,27,Friday,June,1
1273,2025-06-28,2025,6,2,28,Saturday,June,0
1274,2025-06-29,2025,6,2,29,Sunday,June,0
1275,2025-06-30,2025,6,2,30,Monday,June,1
1276,2025-07-01,2025,7,3,1,Tuesday,July,1
1277,2025-07-02,2025,7,3,2,Wednesday,July,1
1278,2025-07-03,2025,7,3,3,Thursday,July,1
1279,2025-07-04,2025,7,3,4,Friday,July,1
1280,2025-07-05,2025,7,3,5,Saturday,July,0
1281,2025-07-06,2025,7,3,6,Sunday,July,0
1282,2025-07-07,2025,7,3,7,Monday,July,1
1283,2025-07-08,2025,7,3,8,Tuesday,July,1
1284,2025-07-09,2025,7,3,9,Wednesday,July,1
1285,2025-07-10,2025,7,3,10,Thursday,July,1
1286,2025-07-11,2025,7,3,11,Friday,July,1
1287,2025-07-12,2025,7,3,12,Saturday,July,0
1288,2025-07-13,2025,7,3,13,Sunday,July,0
1289,2025-07-14,2025,7,3,14,Monday,July,1
1290,2025-07-15,2025,7,3,15,Tuesday,July,1
1291,2025-07-16,2025,7,3,16,Wednesday,July,1
1292,2025-07-17,2025,7,3,17,Thursday,July,1
1293,2025-07-18,2025,7,3,18,Friday,July,1
1294,2025-07-19,2025,7,3,19,Saturday,July,0
1295,2025-07-20,2025,7,3,20,Sunday,July,0
1296,2025-07-21,2025,7,3,21,Monday,July,1
1297,2025-07-22,2025,7,3,22,Tuesday,July,1
1298,2025-07-23,2025,7,3,23,Wednesday,July,1
1299,2025-07-24,2025,7,3,24,Thursday,July,1
1300,2025-07-25,2025,7,3,25,Friday,July,1
1301,2025-07-26,2025,7,3,26,Saturday,July,0
1302,2025-07-27,2025,7,3,27,Sunday,July,0
1303,2025-07-28,2025,7,3,28,Monday,July,1
1304,2025-07-29,2025,7,3,29,Tuesday,July,1
1305,2025-07-30,2025,7,3,30,Wednesday,July,1
1306,2025-07-31,2025,7,3,31,Thursday,July,1
1307,2025-08-01,2025,8,3,1,Friday,August,1
1308,2025-08-02,2025,8,3,2,Saturday,August,0
1309,2025-08-03,2025,8,3,3,Sunday,August,0
1310,2025-08-04,2025,8,3,4,Monday,August,1
1311,2025-08-05,2025,8,3,5,Tuesday,August,1
1312,2025-08-06,2025,8,3,6,Wednesday,August,1
1313,2025-08-07,2025,8,3,7,Thursday,August,1
1314,2025-08-08,2025,8,3,8,Friday,August,1
1315,2025-08-09,2025,8,3,9,Saturday,August,0
1316,2025-08-10,2025,8,3,10,Sunday,August,0
1317,2025-08-11,2025,8,3,11,Monday,August,1
1318,2025-08-12,2025,8,3,12,Tuesday,August,1
1319,2025-08-13,2025,8,3,13,Wednesday,August,1
1320,2025-08-14,2025,8,3,14,Thursday,August,1
1321,2025-08-15,2025,8,3,15,Friday,August,1
1322,2025-08-16,2025,8,3,16,Saturday,August,0
1323,2025-08-17,2025,8,3,17,Sunday,August,0
1324,2025-08-18,2025,8,3,18,Monday,August,1
1325,2025-08-19,2025,8,3,19,Tuesday,August,1
1326,2025-08-20,2025,8,3,20,Wednesday,August,1
1327,2025-08-21,2025,8,3,21,Thursday,August,1
1328,2025-08-22,2025,8,3,22,Friday,August,1
1329,2025-08-23,2025,8,3,23,Saturday,August,0
1330,2025-08-24,2025,8,3,24,Sunday,August,0
1331,2025-08-25,2025,8,3,25,Monday,August,1
1332,2025-08-26,2025,8,3,26,Tuesday,August,1
1333,2025-08-27,2025,8,3,27,Wednesday,August,1
1334,2025-08-28,2025,8,3,28,Thursday,August,1
1335,2025-08-29,2025,8,3,29,Friday,August,1
1336,2025-08-30,2025,8,3,30,Saturday,August,0
1337,2025-08-31,2025,8,3,31,Sunday,August,0
1338,2025-09-01,2025,9,3,1,Monday,September,1
1339,2025-09-02,2025,9,3,2,Tuesday,September,1
1340,2025-09-03,2025,9,3,3,Wednesday,September,1
1341,2025-09-04,2025,9,3,4,Thursday,September,1
1342,2025-09-05,2025,9,3,5,Friday,September,1
1343,2025-09-06,2025,9,3,6,Saturday,September,0
1344,2025-09-07,2025,9,3,7,Sunday,September,0
1345,2025-09-08,2025,9,3,8,Monday,September,1
1346,2025-09-09,2025,9,3,9,Tuesday,September,1
1347,2025-09-10,2025,9,3,10,Wednesday,September,1
1348,2025-09-11,2025,9,3,11,Thursday,September,1
1349,2025-09-12,2025,9,3,12,Friday,September,1
1350,2025-09-13,2025,9,3,13,Saturday,September,0
1351,2025-09-14,2025,9,3,14,Sunday,September,0
1352,2025-09-15,2025,9,3,15,Monday,September,1
1353,2025-09-16,2025,9,3,16,Tuesday,September,1
1354,2025-09-17,2025,9,3,17,Wednesday,September,1
1355,2025-09-18,2025,9,3,18,Thursday,September,1
1356,2025-09-19,2025,9,3,19,Friday,September,1
1357,2025-09-20,2025,9,3,20,Saturday,September,0
1358,2025-09-21,2025,9,3,21,Sunday,September,0
1359,2025-09-22,2025,9,3,22,Monday,September,1
1360,2025-09-23,2025,9,3,23,Tuesday,September,1
1361,2025-09-24,2025,9,3,24,Wednesday,September,1
1362,2025-09-25,2025,9,3,25,Thursday,September,1
1363,2025-09-26,2025,9,3,26,Friday,September,1
1364,2025-09-27,2025,9,3,27,Saturday,September,0
1365,2025-09-28,2025,9,3,28,Sunday,September,0
1366,2025-09-29,2025,9,3,29,Monday,September,1
1367,2025-09-30,2025,9,3,30,Tuesday,September,1
1368,2025-10-01,2025,10,4,1,Wednesday,October,1
1369,2025-10-02,2025,10,4,2,Thursday,October,1
1370,2025-10-03,2025,10,4,3,Friday,October,1
1371,2025-10-04,2025,10,4,4,Saturday,October,0
1372,2025-10-05,2025,10,4,5,Sunday,October,0
1373,2025-10-06,2025,10,4,6,Monday,October,1
1374,2025-10-07,2025,10,4,7,Tuesday,October,1
1375,2025-10-08,2025,10,4,8,Wednesday,October,1
1376,2025-10-09,2025,10,4,9,Thursday,October,1
1377,2025-10-10,2025,10,4,10,Friday,October,1
1378,2025-10-11,2025,10,4,11,Saturday,October,0
1379,2025-10-12,2025,10,4,12,Sunday,October,0
1380,2025-10-13,2025,10,4,13,Monday,October,1
1381,2025-10-14,2025,10,4,14,Tuesday,October,1
1382,2025-10-15,2025,10,4,15,Wednesday,October,1
1383,2025-10-16,2025,10,4,16,Thursday,October,1
1384,2025-10-17,2025,10,4,17,Friday,October,1
1385,2025-10-18,2025,10,4,18,Saturday,October,0
1386,2025-10-19,2025,10,4,19,Sunday,October,0
1387,2025-10-20,2025,10,4,20,Monday,October,1
1388,2025-10-21,2025,10,4,21,Tuesday,October,1
1389,2025-10-22,2025,10,4,22,Wednesday,October,1
1390,2025-10-23,2025,10,4,23,Thursday,October,1
1391,2025-10-24,2025,10,4,24,Friday,October,1
1392,2025-10-25,2025,10,4,25,Saturday,October,0
1393,2025-10-26,2025,10,4,26,Sunday,October,0
1394,2025-10-27,2025,10,4,27,Monday,October,1
1395,2025-10-28,2025,10,4,28,Tuesday,October,1
1396,2025-10-29,2025,10,4,29,Wednesday,October,1
1397,2025-10-30,2025,10,4,30,Thursday,October,1
1398,2025-10-31,2025,10,4,31,Friday,October,1
1399,2025-11-01,2025,11,4,1,Saturday,November,0
1400,2025-11-02,2025,11,4,2,Sunday,November,0
1401,2025-11-03,2025,11,4,3,Monday,November,1
1402,2025-11-04,2025,11,4,4,Tuesday,November,1
1403,2025-11-05,2025,11,4,5,Wednesday,November,1
1404,2025-11-06,2025,11,4,6,Thursday,November,1
1405,2025-11-07,2025,11,4,7,Friday,November,1
1406,2025-11-08,2025,11,4,8,Saturday,November,0
1407,2025-11-09,2025,11,4,9,Sunday,November,0
1408,2025-11-10,2025,11,4,10,Monday,November,1
1409,2025-11-11,2025,11,4,11,Tuesday,November,1
1410,2025-11-12,2025,11,4,12,Wednesday,November,1
1411,2025-11-13,2025,11,4,13,Thursday,November,1
1412,2025-11-14,2025,11,4,14,Friday,November,1
1413,2025-11-15,2025,11,4,15,Saturday,November,0
1414,2025-11-16,2025,11,4,16,Sunday,November,0
1415,2025-11-17,2025,11,4,17,Monday,November,1
1416,2025-11-18,2025,11,4,18,Tuesday,November,1
1417,2025-11-19,2025,11,4,19,Wednesday,November,1
1418,2025-11-20,2025,11,4,20,Thursday,November,1
1419,2025-11-21,2025,11,4,21,Friday,November,1
1420,2025-11-22,2025,11,4,22,Saturday,November,0
1421,2025-11-23,2025,11,4,23,Sunday,November,0
1422,2025-11-24,2025,11,4,24,Monday,November,1
1423,2025-11-25,2025,11,4,25,Tuesday,November,1
1424,2025-11-26,2025,11,4,26,Wednesday,November,1
1425,2025-11-27,2025,11,4,27,Thursday,November,1
1426,2025-11-28,2025,11,4,28,Friday,November,1
1427,2025-11-29,2025,11,4,29,Saturday,November,0
1428,2025-11-30,2025,11,4,30,Sunday,November,0
1429,2025-12-01,2025,12,4,1,Monday,December,1
1430,2025-12-02,2025,12,4,2,Tuesday,December,1
1431,2025-12-03,2025,12,4,3,Wednesday,December,1
1432,2025-12-04,2025,12,4,4,Thursday,December,1
1433,2025-12-05,2025,12,4,5,Friday,December,1
1434,2025-12-06,2025,12,4,6,Saturday,December,0
1435,2025-12-07,2025,12,4,7,Sunday,December,0
1436,2025-12-08,2025,12,4,8,Monday,December,1
1437,2025-12-09,2025,12,4,9,Tuesday,December,1
1438,2025-12-10,2025,12,4,10,Wednesday,December,1
1439,2025-12-11,2025,12,4,11,Thursday,December,1
1440,2025-12-12,2025,12,4,12,Friday,December,1
1441,2025-12-13,2025,12,4,13,Saturday,December,0
1442,2025-12-14,2025,12,4,14,Sunday,December,0
1443,2025-12-15,2025,12,4,15,Monday,December,1
1444,2025-12-16,2025,12,4,16,Tuesday,December,1
1445,2025-12-17,2025,12,4,17,Wednesday,December,1
1446,2025-12-18,2025,12,4,18,Thursday,December,1
1447,2025-12-19,2025,12,4,19,Friday,December,1
1448,2025-12-20,2025,12,4,20,Saturday,December,0
1449,2025-12-21,2025,12,4,21,Sunday,December,0
1450,2025-12-22,2025,12,4,22,Monday,December,1
1451,2025-12-23,2025,12,4,23,Tuesday,December,1
1452,2025-12-24,2025,12,4,24,Wednesday,December,1
1453,2025-12-25,2025,12,4,25,Thursday,December,1
1454,2025-12-26,2025,12,4,26,Friday,December,1
1455,2025-12-27,2025,12,4,27,Saturday,December,0
1456,2025-12-28,2025,12,4,28,Sunday,December,0
1457,2025-12-29,2025,12,4,29,Monday,December,1
1458,2025-12-30,2025,12,4,30,Tuesday,December,1
1459,2025-12-31,2025,12,4,31,Wednesday,December,1
1460,2026-01-01,2026,1,1,1,Thursday,January,1
1461,2026-01-02,2026,1,1,2,Friday,January,1
1462,2026-01-03,2026,1,1,3,Saturday,January,0
1463,2026-01-04,2026,1,1,4,Sunday,January,0
1464,2026-01-05,2026,1,1,5,Monday,January,1
1465,2026-01-06,2026,1,1,6,Tuesday,January,1
1466,2026-01-07,2026,1,1,7,Wednesday,January,1
1467,2026-01-08,2026,1,1,8,Thursday,January,1
1468,2026-01-09,2026,1,1,9,Friday,January,1
1469,2026-01-10,2026,1,1,10,Saturday,January,0
1470,2026-01-11,2026,1,1,11,Sunday,January,0
1471,2026-01-12,2026,1,1,12,Monday,January,1
1472,2026-01-13,2026,1,1,13,Tuesday,January,1
1473,2026-01-14,2026,1,1,14,Wednesday,January,1
1474,2026-01-15,2026,1,1,15,Thursday,January,1
1475,2026-01-16,2026,1,1,16,Friday,January,1
1476,2026-01-17,2026,1,1,17,Saturday,January,0
1477,2026-01-18,2026,1,1,18,Sunday,January,0
1478,2026-01-19,2026,1,1,19,Monday,January,1
1479,2026-01-20,2026,1,1,20,Tuesday,January,1
1480,2026-01-21,2026,1,1,21,Wednesday,January,1
1481,2026-01-22,2026,1,1,22,Thursday,January,1
1482,2026-01-23,2026,1,1,23,Friday,January,1
1483,2026-01-24,2026,1,1,24,Saturday,January,0
1484,2026-01-25,2026,1,1,25,Sunday,January,0
1485,2026-01-26,2026,1,1,26,Monday,January,1
1486,2026-01-27,2026,1,1,27,Tuesday,January,1
1487,2026-01-28,2026,1,1,28,Wednesday,January,1
1488,2026-01-29,2026,1,1,29,Thursday,January,1
1489,2026-01-30,2026,1,1,30,Friday,January,1
1490,2026-01-31,2026,1,1,31,Saturday,January,0
1491,2026-02-01,2026,2,1,1,Sunday,February,0
1492,2026-02-02,2026,2,1,2,Monday,February,1
1493,2026-02-03,2026,2,1,3,Tuesday,February,1
1494,2026-02-04,2026,2,1,4,Wednesday,February,1
1495,2026-02-05,2026,2,1,5,Thursday,February,1
1496,2026-02-06,2026,2,1,6,Friday,February,1
1497,2026-02-07,2026,2,1,7,Saturday,February,0
1498,2026-02-08,2026,2,1,8,Sunday,February,0
1499,2026-02-09,2026,2,1,9,Monday,February,1
1500,2026-02-10,2026,2,1,10,Tuesday,February,1
1501,2026-02-11,2026,2,1,11,Wednesday,February,1
1502,2026-02-12,2026,2,1,12,Thursday,February,1
1503,2026-02-13,2026,2,1,13,Friday,February,1
1504,2026-02-14,2026,2,1,14,Saturday,February,0
1505,2026-02-15,2026,2,1,15,Sunday,February,0
1506,2026-02-16,2026,2,1,16,Monday,February,1
1507,2026-02-17,2026,2,1,17,Tuesday,February,1
1508,2026-02-18,2026,2,1,18,Wednesday,February,1
1509,2026-02-19,2026,2,1,19,Thursday,February,1
1510,2026-02-20,2026,2,1,20,Friday,February,1
1511,2026-02-21,2026,2,1,21,Saturday,February,0
1512,2026-02-22,2026,2,1,22,Sunday,February,0
1513,2026-02-23,2026,2,1,23,Monday,February,1
1514,2026-02-24,2026,2,1,24,Tuesday,February,1
1515,2026-02-25,2026,2,1,25,Wednesday,February,1
1516,2026-02-26,2026,2,1,26,Thursday,February,1
1517,2026-02-27,2026,2,1,27,Friday,February,1
1518,2026-02-28,2026,2,1,28,Saturday,February,0
1519,2026-03-01,2026,3,1,1,Sunday,March,0
1520,2026-03-02,2026,3,1,2,Monday,March,1
1521,2026-03-03,2026,3,1,3,Tuesday,March,1
1522,2026-03-04,2026,3,1,4,Wednesday,March,1
1523,2026-03-05,2026,3,1,5,Thursday,March,1
1524,2026-03-06,2026,3,1,6,Friday,March,1
1525,2026-03-07,2026,3,1,7,Saturday,March,0
1526,2026-03-08,2026,3,1,8,Sunday,March,0
1527,2026-03-09,2026,3,1,9,Monday,March,1
1528,2026-03-10,2026,3,1,10,Tuesday,March,1
1529,2026-03-11,2026,3,1,11,Wednesday,March,1
1530,2026-03-12,2026,3,1,12,Thursday,March,1
1531,2026-03-13,2026,3,1,13,Friday,March,1
1532,2026-03-14,2026,3,1,14,Saturday,March,0
1533,2026-03-15,2026,3,1,15,Sunday,March,0
1534,2026-03-16,2026,3,1,16,Monday,March,1
1535,2026-03-17,2026,3,1,17,Tuesday,March,1
1536,2026-03-18,2026,3,1,18,Wednesday,March,1
1537,2026-03-19,2026,3,1,19,Thursday,March,1
1538,2026-03-20,2026,3,1,20,Friday,March,1
1539,2026-03-21,2026,3,1,21,Saturday,March,0
1540,2026-03-22,2026,3,1,22,Sunday,March,0
1541,2026-03-23,2026,3,1,23,Monday,March,1
1542,2026-03-24,2026,3,1,24,Tuesday,March,1
1543,2026-03-25,2026,3,1,25,Wednesday,March,1
1544,2026-03-26,2026,3,1,26,Thursday,March,1
1545,2026-03-27,2026,3,1,27,Friday,March,1
1546,2026-03-28,2026,3,1,28,Saturday,March,0
1547,2026-03-29,2026,3,1,29,Sunday,March,0
1548,2026-03-30,2026,3,1,30,Monday,March,1
1549,2026-03-31,2026,3,1,31,Tuesday,March,1
1550,2026-04-01,2026,4,2,1,Wednesday,April,1
1551,2026-04-02,2026,4,2,2,Thursday,April,1
1552,2026-04-03,2026,4,2,3,Friday,April,1
1553,2026-04-04,2026,4,2,4,Saturday,April,0
1554,2026-04-05,2026,4,2,5,Sunday,April,0
1555,2026-04-06,2026,4,2,6,Monday,April,1
1556,2026-04-07,2026,4,2,7,Tuesday,April,1
1557,2026-04-08,2026,4,2,8,Wednesday,April,1
1558,2026-04-09,2026,4,2,9,Thursday,April,1
1559,2026-04-10,2026,4,2,10,Friday,April,1
1560,2026-04-11,2026,4,2,11,Saturday,April,0
1561,2026-04-12,2026,4,2,12,Sunday,April,0
1562,2026-04-13,2026,4,2,13,Monday,April,1
1563,2026-04-14,2026,4,2,14,Tuesday,April,1
1564,2026-04-15,2026,4,2,15,Wednesday,April,1
1565,2026-04-16,2026,4,2,16,Thursday,April,1
1566,2026-04-17,2026,4,2,17,Friday,April,1
1567,2026-04-18,2026,4,2,18,Saturday,April,0
1568,2026-04-19,2026,4,2,19,Sunday,April,0
1569,2026-04-20,2026,4,2,20,Monday,April,1
1570,2026-04-21,2026,4,2,21,Tuesday,April,1
1571,2026-04-22,2026,4,2,22,Wednesday,April,1
1572,2026-04-23,2026,4,2,23,Thursday,April,1
1573,2026-04-24,2026,4,2,24,Friday,April,1
1574,2026-04-25,2026,4,2,25,Saturday,April,0
1575,2026-04-26,2026,4,2,26,Sunday,April,0
1576,2026-04-27,2026,4,2,27,Monday,April,1
1577,2026-04-28,2026,4,2,28,Tuesday,April,1
1578,2026-04-29,2026,4,2,29,Wednesday,April,1
1579,2026-04-30,2026,4,2,30,Thursday,April,1
1580,2026-05-01,2026,5,2,1,Friday,May,1
1581,2026-05-02,2026,5,2,2,Saturday,May,0
1582,2026-05-03,2026,5,2,3,Sunday,May,0
1583,2026-05-04,2026,5,2,4,Monday,May,1
1584,2026-05-05,2026,5,2,5,Tuesday,May,1
1585,2026-05-06,2026,5,2,6,Wednesday,May,1
1586,2026-05-07,2026,5,2,7,Thursday,May,1
1587,2026-05-08,2026,5,2,8,Friday,May,1
1588,2026-05-09,2026,5,2,9,Saturday,May,0
1589,2026-05-10,2026,5,2,10,Sunday,May,0
1590,2026-05-11,2026,5,2,11,Monday,May,1
1591,2026-05-12,2026,5,2,12,Tuesday,May,1
1592,2026-05-13,2026,5,2,13,Wednesday,May,1
1593,2026-05-14,2026,5,2,14,Thursday,May,1
1594,2026-05-15,2026,5,2,15,Friday,May,1
1595,2026-05-16,2026,5,2,16,Saturday,May,0
1596,2026-05-17,2026,5,2,17,Sunday,May,0
1597,2026-05-18,2026,5,2,18,Monday,May,1
1598,2026-05-19,2026,5,2,19,Tuesday,May,1
1599,2026-05-20,2026,5,2,20,Wednesday,May,1
1600,2026-05-21,2026,5,2,21,Thursday,May,1
1601,2026-05-22,2026,5,2,22,Friday,May,1
1602,2026-05-23,2026,5,2,23,Saturday,May,0
1603,2026-05-24,2026,5,2,24,Sunday,May,0
1604,2026-05-25,2026,5,2,25,Monday,May,1
1605,2026-05-26,2026,5,2,26,Tuesday,May,1
1606,2026-05-27,2026,5,2,27,Wednesday,May,1
1607,2026-05-28,2026,5,2,28,Thursday,May,1
1608,2026-05-29,2026,5,2,29,Friday,May,1
